出表日期,發言日期,發言時間,公司代號,公司名稱,主旨,符合條款,事實發生日,說明,市場別,Date,SecuritiesCompanyCode,CompanyName,發言日期(西元),抓取時間,_key
1151004,1151003,70004,2072,世紀風電,"公告本公司名稱由「世紀離岸風電設備股份有限公司」更名
為「世紀能源設備股份有限公司」，公告期間：115年8月26日至
115年11月25日。",第51款,1150824,"1.事實發生日：民國115年08月24日
2.公司名稱：世紀能源設備股份有限公司(原名：世紀離岸風電設備股份有限公司)
3.與公司關係(請輸入本公司或子公司)：本公司
4.相互持股比例：不適用
5.發生緣由：
(1)公司名稱變更核准日期/事實發生日：民國115年08月24日
(2)公司名稱變更核准文號：經授商字第11530130420號
(3)更名案股東會決議通過日期：民國115年08月12日
(4)變更前公司名稱：世紀離岸風電設備股份有限公司
(5)變更後公司名稱：世紀能源設備股份有限公司
(6)變更前公司簡稱：世紀風電
(7)變更後公司簡稱：世紀能源
6.因應措施：無
7.其他應敘明事項：(1)本公司於115/08/26收到經濟部變更登記核准函。
(2)依據臺灣證券交易所股份有限公司營業細則第45條規定，
於更名後須連續公告三個月。
(3)本公司股票代號未變動，普通股仍為「2072」。
(4)本公司英文名更名為「Century Energy Co., Ltd.」",上市,,,,2026-10-03,2026-10-04 14:26:29,62ff6dfffeb9683f2d895100199490f0
1151004,1151003,70004,6949,沛爾生醫*-創,"公告本公司股票面額由「新台幣10元」變更為「新台幣0.5元」，
公告期間：115年08月06日至115年11月05日。",第51款,1150713,"1.事實發生日：民國115年07月13日
2.公司名稱：沛爾生技醫藥股份有限公司
3.與公司關係(請輸入本公司或子公司)：本公司
4.相互持股比例：不適用
5.發生緣由：
(1)公司面額變更核准日期/事實發生日：民國115年07月13日
(2)公司面額變更核准文號：經授商字第經授商字第11530095510號號函
(3)董事會決議通過換股計畫書日期：民國115年08月06日
(4)變更前面額：新台幣10.00
(5)變更後面額：新台幣0.50
(6)新股票上市買賣日及舊股票終止上市買賣日：民國115年09月07日
(7)換發股票時程重大訊息公告日期：民國115年08月06日重大訊息公告
6.因應措施：無。
7.其他應敘明事項：一、本公司係辦理變更股票面額，每股面額由新台幣10元變更為新台幣0.5元，業經臺灣
證券交易所函核准在案。
二、配合面額變更，新股票上市買賣日(115年09月07日)之參考價按比例調整為舊股票
最後交易日(115年8月26日)收盤價之20分之1，請投資人注意。
三、股票面額變更後，每股盈餘、每股淨值及每股股價等將有所變動，參閱資訊時須留
意。",上市,,,,2026-10-03,2026-10-04 14:26:29,48fbc48ddce04a0094676a1d0fa44a11
1151004,1151003,85921,3432,台端,"依臺灣證券交易所股份有限公司臺證上一字第1121801204
號函辦理",第51款,1151003,"1.事實發生日:115/10/03
2.公司名稱:台端興業股份有限公司
3.與公司關係(請輸入本公司或子公司):本公司
4.相互持股比例:不適用
5.發生緣由:依臺灣證券交易所股份有限公司臺證上一字第1121801204號函辦理，每周
          定期發布重大訊息公告持有之每檔基金餘額、申購與贖回交易情形及應收
          基金贖回款之收回情形與餘額。
6.因應措施:
(一)本公司及子公司依據所投資基金(截至115/10/03止)已公布之最近期淨值計算之投
    資餘額計美金53,286仟元(折合新台幣1,695,969仟元)，其公允價值評估為0元。
                                          USD      NTD    公允  交易  發行　
             基金名稱              簡稱   仟元     仟元   價值  機構  單位
    =============================  ==== ======  ========= ==== ====== ====
    Spectra SPC Powerfund          (PF) 21,984    699,704   0    AA    STI
    Asian Strategic Long Term Fund (GP)  8,151    259,426   0    AA   CCIB
    Asian Strategic Orient Fund    (GH)  9,099    289,600   0    AA   CCIB
    Longchamp Absolute Return Unit
       Trust Fund                  (LC) 14,052    447,239   0  CCAM-N CCAM
                                        ------  --------- ----
                                 合計   53,286  1,695,969   0
                                        ======  ========= ====
        (1)AA：Ayers Alliance Financial Group Ltd.
        (2)STI：STI PF Limited
        (3)CCIB：City Credit Investment Bank Limited
        (4)CCAM-N：City Credit Asset Management Nominee Co., Ltd.
        (5)CCAM：CCAM Co., Ltd.
        (6)已公布之最近期淨值基準日：
           (PF)=112.02.14 (GP)=112.03.28 (GH)=112.03.30 (LC)=112.07.07
(二)本公司及子公司本年度截至115/10/03止，無新增申購及贖回基金交易。
(三)本公司截至115/10/03止，有兩筆尚未收回款項之應收基金贖回款金額計
    美金2,041仟元(折合新台幣64,951仟元)，其經減損評估後金額為0元。
      基金簡稱   交易日  USD仟元  NTD仟元 攤銷後成本 交易機構 發行單位
     =========  =======  ======= ======== ========== ======== ========
       PF      112.02.15  1,032   32,835        0       AA       STI
       LC      112.02.20  1,009   32,116        0     CCAM-N    CCAM
                          ------ -------- ----------
                    合計  2,041   64,951       0
                          ====== ======== ==========
7.其他應敘明事項(若事件發生或決議之主體係屬公開發行以上公司，本則重大訊息同時
  符合證券交易法施行細則第7條第9款所定對股東權益或證券價格有重大影響之事項):
(一)本公司將密切注意上述四檔基金後續之發展，並委請專業人士協助本公司主張權利
    ，以維護全體股東之權益。
(二)有關於本公司財務業務相關訊息，本公司均依相關規定公告，若有收到進一步通知
    或其他應公告事項，請投資人依本公司公告之資訊為準。",上市,,,,2026-10-03,2026-10-04 14:26:29,3280844c055142ca828dd9af0588a6c4
1151004,1151003,121213,2537,聯上發,公告本公司投資興建個案「聯上澐朗」工地火災事件說明。,第26款,1151003,"1.事實發生日：115/10/03
2.事實發生主體：本公司
3.發生緣由(事件說明)：本公司投資興建中個案「聯上澐朗」工地於115年10月3日凌晨發生火災。
4.處理過程：消防單位獲報立即前往進行撲滅火勢，現場並無人員傷亡，詳細失火原因
尚待相關單位調查。
5.處分情形：目前配合消防及相關主管機關進一步調查，尚未有相關處分訊息。
6.是否遭裁處罰鍰：尚未確定
7.裁罰金額(元)：尚未確定
8.預計可能損失或影響：本工地已依規定投保相關保險，初步評估對本公司整體營運及財務尚無重大影響。
9.可能獲得保險理賠之金額(元)：尚未確定
10.改善情形及未來因應措施：本公司將委託專業鑑定單位進行結構安全鑑定，以確保本個案建築物結構安全
及保障消費者權益。
11.是否前已就同一事件發布重大訊息：否
12.其他應述明事項：本公司感謝新北市政府消防局第一時間前往撲滅火勢，即時避免火災擴大延燒，
保障人民安全，後續將由火災調查人員進行採證鑑識釐清。",上市,,,,2026-10-03,2026-10-04 14:26:29,477e685817fb0d2cdada6c88a218e438
1151004,1151003,170054,7827,漢康-KY創,"代子公司FBD Biologics Limited公告，HCB303美國新藥
臨床試驗申請（IND）獲准進行臨床試驗",第10款,1151003,"1.事實發生日:115/10/03
2.研發新藥名稱或代號:HCB303
3.用途:HCB303為本公司自主研發之三特異性融合蛋白生物藥，擬開發用於
實體腫瘤治療。目前尚未開始人體臨床試驗，亦尚未經任何主管機關核准上市，
其安全性及療效尚未獲證實。
4.預計進行之所有研發階段:本公司已向美國FDA提出HCB303
新藥臨床試驗申請（IND），並已獲准進行人體臨床試驗。
後續將依開發計畫及各階段臨床試驗結果，進行一期、二期及三期人體臨床試驗，
並視臨床開發結果及相關法規要求，向主管機關提出
生物製品許可申請（BLA）或其他適用之上市許可申請。
5.目前進行中之研發階段(請說明目前之研發階段係屬提出申請/通過核准/
不通過核准，若未通過者，請說明公司所面臨之風險及因應措施；
另請說明未來經營方向及已投入累積研發費用):
(1)提出申請/通過核准/不通過核准/各期人體試驗(含期中分析)結果/發生其他影響
新藥研發之重大事件：本公司已向美國食品藥物管理局（U.S. FDA）提出
HCB303新藥臨床試驗（IND）申請。本公司於民國115年10月3日確認
該 IND 已獲美國 FDA 核准進行人體臨床試驗。
本公司將依既定開發計畫啟動 HCB303 第一期
首次人體（First-in-Human）臨床試驗。
(2)未通過目的事業主管機關許可、各期人體臨床試驗(含期中分析)結果未達統計上
顯著意義或發生其他影響新藥研發之重大事件者，公司所面臨之風險及因應措施：
不適用。
(3)已通過目的事業主管機關許可、各期人體臨床試驗(含期中分析)結果達統計上
著意義或發生其他影響新藥研發之重大事件者，未來經營方向：
本次HCB303 IND已獲准進行人體臨床試驗。本公司將依計畫推進
HCB303一期人體臨床試驗，評估其安全性、耐受性、藥物動力學、藥效學、
免疫原性、生物標誌物及初步抗腫瘤活性，並依臨床試驗結果及
相關法規要求持續推進後續臨床開發。
(4)已投入之累積研發費用：本公司基於營業秘密及未來商業策略考量，
不公開揭露個別研發中新藥之累積研發費用。
6.將再進行之下一階段研發(請說明預計完成時間及預計應負擔之義務):
(1)預計完成時間：HCB303 第一期臨床試驗預計依臨床試驗計畫及
各地主管機關、人體試驗委員會／倫理委員會審查進度啟動及執行；
實際完成時間將視受試者招募進度、試驗執行情形及臨床結果而定。
(2)預計應負擔之義務：本公司將依美國FDA相關法規及臨床試驗規範，
辦理HCB303後續臨床試驗所需之法規、CMC、非臨床、臨床試驗執行及
安全性監測等相關工作，並負擔相關研發及臨床試驗費用。
7.市場現況:HCB303目前擬開發用於實體腫瘤。
實體腫瘤治療方式依腫瘤類型、疾病分期及分子特徵而異，包括手術、
放射治療、化學治療、標靶治療及免疫治療等，其中免疫檢查點抑制劑
已應用於多種實體腫瘤適應症。依IQVIA資料，2025年全球腫瘤藥物
市場規模約為2,910億美元，並預估於2026年至2030年持續成長。
上述數據為整體全球腫瘤藥物市場規模，並非 HCB303 之可直接對應
市場規模。HCB303目前仍處於臨床開發初期，尚未確立最終開發及
核准適應症，其未來可服務之市場規模及競爭情形，將視臨床試驗結果、
最終開發適應症、主管機關核准範圍及競爭產品發展而定
8.其他應敘明事項(若事件發生或決議之主體係屬公開發行以上公司，
本則重大訊息同時符合證券交易法施行細則第7條第8款所定
對股東權益或證券價格有重大影響之事項):本次美國 FDA IND 核准
係允許 HCB303 進行人體臨床試驗，不代表 HCB303 已獲核准上市，
亦不代表其安全性或療效已獲主管機關確認。
9.新藥開發時程長、投入經費高且未保證一定能成功，此等可能使投資面臨風險，投
   資人應審慎判斷謹慎投資。:",上市,,,,2026-10-03,2026-10-04 14:26:29,25923a989d388ef808b19ef465c6dde3
,1151003,70004,,,"公告本公司名稱由「宏易創新國際股份有限公司」
更名為「天意能創股份有限公司」，
公告期間：115年7月09日至115年10月08日。",第53款,1150708,"1.事實發生日：民國115年07月08日
2.公司名稱：天意能創股份有限公司(原名：宏易創新國際股份有限公司)
3.與公司關係(請輸入本公司或子公司)：本公司
4.相互持股比例：不適用
5.發生緣由：
(1)公司名稱變更核准日期/事實發生日：民國115年07月08日
(2)公司名稱變更核准文號：府產業商字第11550721810
(3)更名案股東會決議通過日期：民國115年06月24日
(4)變更前公司名稱：宏易創新國際股份有限公司
(5)變更後公司名稱：天意能創股份有限公司
(6)變更前公司簡稱：宏易
(7)變更後公司簡稱：天意
6.因應措施：無
7.其他應敘明事項：(1)本公司於115年7月09日收到台北市政府變更登記核准函。
(2)依據財團法人中華民國櫃檯買賣中心證券商營業所買賣有價證券業務規則第9-1條規定，於更名後須連續公告三個月。
(3)本公司股票代號未變動，仍為「4530」。",上櫃,1151004,4530,天意能創,2026-10-03,2026-10-04 14:26:29,3df969680640f4215dae69f737ec8860
,1151003,70004,,,"公告本公司股票面額由「新台幣10元」變更為「新台幣5元」
公告期間：115年7月22日至115年10月21日",第53款,1150624,"1.事實發生日：民國115年06月24日
2.公司名稱：強生化學製藥廠股份有限公司
3.與公司關係(請輸入本公司或子公司)：本公司
4.相互持股比例：不適用
5.發生緣由：
(1)公司面額變更核准日期/事實發生日：民國115年06月24日
(2)公司面額變更核准文號：經授商字第新北府經司字第1158046510號函
(3)董事會決議通過換股計畫書日期：民國115年07月22日
(4)變更前面額：新台幣10.00
(5)變更後面額：新台幣5.00
(6)新股票上市買賣日及舊股票終止上市買賣日：民國115年08月31日
(7)換發股票時程重大訊息公告日期：民國115年07月22日重大訊息公告
6.因應措施：不適用。
7.其他應敘明事項：無。",上櫃,1151004,4747,強生*,2026-10-03,2026-10-04 14:26:29,0c3832c968b665c7ffb05dcb86c6d2ca
,1151003,181446,,,公告本公司115年限制員工權利新股第一次發行之增資基準日,第53款,1151003,"1.事實發生日:115/10/03
2.公司名稱:益得生物科技股份有限公司	
3.與公司關係(請輸入本公司或子公司):本公司
4.相互持股比例:不適用
5.發生緣由:
(1)本公司於115年5月27日股東常會決議通過發行限制員工權利新股共計
普通股2,000,000股，每股面額新台幣10元，無償發行，業經金融監督管
理委員會115年8月13日金管證發字第1150352418號函申報生效在案。
(2)本公司於115年10月02日董事會決議通過第一次發行限制員工權利新股
普通股516,000股，並訂增資基準日為115年10月05日。
6.因應措施:無。
7.其他應敘明事項(若事件發生或決議之主體係屬公開發行以上公司，
本則重大訊息同時符合證券交易法施行細則第7條第9款所定
對股東權益或證券價格有重大影響之事項):無。",上櫃,1151004,6461,益得,2026-10-03,2026-10-04 14:26:29,4d61e29e9b8a7be0ac7c0b130da370d1
,1151003,221447,,,"代子公司感動智慧科技股份有限公司公告
最近一年累積取得有價證券達公告標準",第20款,1151002,"1.證券名稱:
台灣積體電路製造股份有限公司
2.交易日期:115/7/30~115/10/2
3.董事會通過日期: 民國115年5月15日
4.其他核決日期: 不適用
5.交易數量、每單位價格及交易總金額:
台灣積體電路製造股份有限公司
交易數量:22,871股
每單位價格:新台幣 2,444.75元
交易總金額:新台幣 55,914千元
6.處分利益（或損失）（取得有價證券者不適用）:
不適用
7.與交易標的公司之關係:
無
8.迄目前為止，累積持有本交易證券（含本次交易）之數量、金額、持股
比例及權利受限情形（如質押情形）:
本公司
持有餘額:台灣積體電路製造股份有限公司 277.8千股
金額:新台幣 694,500千元    
持股比例:0.0011%
權利受限情形:質押277.8千股

子公司-感動智慧科技股份有限公司
持有餘額:台灣積體電路製造股份有限公司 85.34千股
金額:新台幣 213,353千元    
持股比例:0.0003%
權利受限情形: 質押58.17千股
9.迄目前為止，依「公開發行公司取得或處分資產處理準則」第三條所列之有價證券投
資（含本次交易）占公司最近期財務報表中總資產及歸屬於母公司業主之權益之比例
暨最近期財務報表中營運資金數額:
占總資產比例:33.01% 
占歸屬於母公司業主之權益比例:46.72% 
營運資金數額:320,889仟元
10.取得或處分之具體目的:
投資組合
11.本次交易表示異議董事之意見:
無
12.本次交易為關係人交易:
否
13.交易相對人及其與公司之關係:
無
14.監察人承認或審計委員會同意日期:
民國115 年05月15日
15.前已就同一件事件發布重大訊息日期: 不適用
16.其他敘明事項:
無",上櫃,1151004,6419,京晨科,2026-10-03,2026-10-04 14:26:29,659e9b4c6320a616f71f5c89857c50ab
1151005,1151004,70003,6949,沛爾生醫*-創,"公告本公司股票面額由「新台幣10元」變更為「新台幣0.5元」，
公告期間：115年08月06日至115年11月05日。",第51款,1150713,"1.事實發生日：民國115年07月13日
2.公司名稱：沛爾生技醫藥股份有限公司
3.與公司關係(請輸入本公司或子公司)：本公司
4.相互持股比例：不適用
5.發生緣由：
(1)公司面額變更核准日期/事實發生日：民國115年07月13日
(2)公司面額變更核准文號：經授商字第經授商字第11530095510號號函
(3)董事會決議通過換股計畫書日期：民國115年08月06日
(4)變更前面額：新台幣10.00
(5)變更後面額：新台幣0.50
(6)新股票上市買賣日及舊股票終止上市買賣日：民國115年09月07日
(7)換發股票時程重大訊息公告日期：民國115年08月06日重大訊息公告
6.因應措施：無。
7.其他應敘明事項：一、本公司係辦理變更股票面額，每股面額由新台幣10元變更為新台幣0.5元，業經臺灣
證券交易所函核准在案。
二、配合面額變更，新股票上市買賣日(115年09月07日)之參考價按比例調整為舊股票
最後交易日(115年8月26日)收盤價之20分之1，請投資人注意。
三、股票面額變更後，每股盈餘、每股淨值及每股股價等將有所變動，參閱資訊時須留
意。",上市,,,,2026-10-04,2026-10-05 15:23:01,4f6e9ed17ab993e7b08a5ea50138739e
1151005,1151004,70003,2072,世紀風電,"公告本公司名稱由「世紀離岸風電設備股份有限公司」更名
為「世紀能源設備股份有限公司」，公告期間：115年8月26日至
115年11月25日。",第51款,1150824,"1.事實發生日：民國115年08月24日
2.公司名稱：世紀能源設備股份有限公司(原名：世紀離岸風電設備股份有限公司)
3.與公司關係(請輸入本公司或子公司)：本公司
4.相互持股比例：不適用
5.發生緣由：
(1)公司名稱變更核准日期/事實發生日：民國115年08月24日
(2)公司名稱變更核准文號：經授商字第11530130420號
(3)更名案股東會決議通過日期：民國115年08月12日
(4)變更前公司名稱：世紀離岸風電設備股份有限公司
(5)變更後公司名稱：世紀能源設備股份有限公司
(6)變更前公司簡稱：世紀風電
(7)變更後公司簡稱：世紀能源
6.因應措施：無
7.其他應敘明事項：(1)本公司於115/08/26收到經濟部變更登記核准函。
(2)依據臺灣證券交易所股份有限公司營業細則第45條規定，
於更名後須連續公告三個月。
(3)本公司股票代號未變動，普通股仍為「2072」。
(4)本公司英文名更名為「Century Energy Co., Ltd.」",上市,,,,2026-10-04,2026-10-05 15:23:01,fc7858f012481fe56074897a0e00b27a
1151005,1151004,180441,2891,中信金,"代子公司The Tokyo Star Bank, Limited公告董事辭世",第6款,1151003,"1.發生變動日期:115/10/03
2.選任或變動人員別（請輸入法人董事、法人監察人、獨立董事、自然人董事
  或自然人監察人）:自然人董事
3.舊任者職稱及姓名:外部董事/(土反)井 伸次(Shinji Sakai)
4.舊任者簡歷:The Tokyo Star Bank, Limited 外部董事
5.新任者職稱及姓名:無
6.新任者簡歷:不適用
7.異動情形（請輸入「辭職」、「解任」、「任期屆滿」、「逝世」或「新任」）:逝世
8.異動原因:逝世
9.新任者選任時持股數:不適用
10.原任期（例xx/xx/xx ~ xx/xx/xx）:115/06/23至116/06/22
11.新任生效日期:不適用
12.同任期董事變動比率:不適用
13.同任期獨立董事變動比率:不適用
14.同任期監察人變動比率:不適用
15.屬三分之一以上董事發生變動（請輸入是或否）:否
16.其他應敘明事項(若事件發生或決議之主體係屬公開發行以上公司，本則重大訊息同時
   符合證券交易法施行細則第7條第6款所定對股東權益或證券價格有重大影響之事項):
   無",上市,,,,2026-10-04,2026-10-05 15:23:01,d77cc6de5b96d742b327d1d98b13886f
,1151004,70003,,,"公告本公司名稱由「宏易創新國際股份有限公司」
更名為「天意能創股份有限公司」，
公告期間：115年7月09日至115年10月08日。",第53款,1150708,"1.事實發生日：民國115年07月08日
2.公司名稱：天意能創股份有限公司(原名：宏易創新國際股份有限公司)
3.與公司關係(請輸入本公司或子公司)：本公司
4.相互持股比例：不適用
5.發生緣由：
(1)公司名稱變更核准日期/事實發生日：民國115年07月08日
(2)公司名稱變更核准文號：府產業商字第11550721810
(3)更名案股東會決議通過日期：民國115年06月24日
(4)變更前公司名稱：宏易創新國際股份有限公司
(5)變更後公司名稱：天意能創股份有限公司
(6)變更前公司簡稱：宏易
(7)變更後公司簡稱：天意
6.因應措施：無
7.其他應敘明事項：(1)本公司於115年7月09日收到台北市政府變更登記核准函。
(2)依據財團法人中華民國櫃檯買賣中心證券商營業所買賣有價證券業務規則第9-1條規定，於更名後須連續公告三個月。
(3)本公司股票代號未變動，仍為「4530」。",上櫃,1151005,4530,天意能創,2026-10-04,2026-10-05 15:23:01,8c419b72cbb94c9e4fe11cd25c2f49d6
,1151004,70003,,,"公告本公司股票面額由「新台幣10元」變更為「新台幣5元」
公告期間：115年7月22日至115年10月21日",第53款,1150624,"1.事實發生日：民國115年06月24日
2.公司名稱：強生化學製藥廠股份有限公司
3.與公司關係(請輸入本公司或子公司)：本公司
4.相互持股比例：不適用
5.發生緣由：
(1)公司面額變更核准日期/事實發生日：民國115年06月24日
(2)公司面額變更核准文號：經授商字第新北府經司字第1158046510號函
(3)董事會決議通過換股計畫書日期：民國115年07月22日
(4)變更前面額：新台幣10.00
(5)變更後面額：新台幣5.00
(6)新股票上市買賣日及舊股票終止上市買賣日：民國115年08月31日
(7)換發股票時程重大訊息公告日期：民國115年07月22日重大訊息公告
6.因應措施：不適用。
7.其他應敘明事項：無。",上櫃,1151005,4747,強生*,2026-10-04,2026-10-05 15:23:01,cdf287143849dd05d7d53d6790f1db42
1151006,1151005,70003,2072,世紀風電,"公告本公司名稱由「世紀離岸風電設備股份有限公司」更名
為「世紀能源設備股份有限公司」，公告期間：115年8月26日至
115年11月25日。",第51款,1150824,"1.事實發生日：民國115年08月24日
2.公司名稱：世紀能源設備股份有限公司(原名：世紀離岸風電設備股份有限公司)
3.與公司關係(請輸入本公司或子公司)：本公司
4.相互持股比例：不適用
5.發生緣由：
(1)公司名稱變更核准日期/事實發生日：民國115年08月24日
(2)公司名稱變更核准文號：經授商字第11530130420號
(3)更名案股東會決議通過日期：民國115年08月12日
(4)變更前公司名稱：世紀離岸風電設備股份有限公司
(5)變更後公司名稱：世紀能源設備股份有限公司
(6)變更前公司簡稱：世紀風電
(7)變更後公司簡稱：世紀能源
6.因應措施：無
7.其他應敘明事項：(1)本公司於115/08/26收到經濟部變更登記核准函。
(2)依據臺灣證券交易所股份有限公司營業細則第45條規定，
於更名後須連續公告三個月。
(3)本公司股票代號未變動，普通股仍為「2072」。
(4)本公司英文名更名為「Century Energy Co., Ltd.」",上市,,,,2026-10-05,2026-10-07 00:34:06,114256f9845f49607be6e047b6ded2c7
1151006,1151005,70004,6949,沛爾生醫*-創,"公告本公司股票面額由「新台幣10元」變更為「新台幣0.5元」，
公告期間：115年08月06日至115年11月05日。",第51款,1150713,"1.事實發生日：民國115年07月13日
2.公司名稱：沛爾生技醫藥股份有限公司
3.與公司關係(請輸入本公司或子公司)：本公司
4.相互持股比例：不適用
5.發生緣由：
(1)公司面額變更核准日期/事實發生日：民國115年07月13日
(2)公司面額變更核准文號：經授商字第經授商字第11530095510號號函
(3)董事會決議通過換股計畫書日期：民國115年08月06日
(4)變更前面額：新台幣10.00
(5)變更後面額：新台幣0.50
(6)新股票上市買賣日及舊股票終止上市買賣日：民國115年09月07日
(7)換發股票時程重大訊息公告日期：民國115年08月06日重大訊息公告
6.因應措施：無。
7.其他應敘明事項：一、本公司係辦理變更股票面額，每股面額由新台幣10元變更為新台幣0.5元，業經臺灣
證券交易所函核准在案。
二、配合面額變更，新股票上市買賣日(115年09月07日)之參考價按比例調整為舊股票
最後交易日(115年8月26日)收盤價之20分之1，請投資人注意。
三、股票面額變更後，每股盈餘、每股淨值及每股股價等將有所變動，參閱資訊時須留
意。",上市,,,,2026-10-05,2026-10-07 00:34:06,d0f45474d2b198815db2c6833162896f
1151006,1151005,114635,4540,全球傳動,澄清115/10/05工商時報報導,第51款,1151005,"1.事實發生日:115/10/05
2.公司名稱:全球傳動科技股份有限公司
3.與公司關係(請輸入本公司或子公司):本公司
4.相互持股比例:不適用
5.傳播媒體名稱:工商時報B04版
6.報導內容:
 全球傳動指出，……全年營運目標是營收兩位數成長、轉虧為盈，明年期望也能延
 續今年兩位數成長榮景。
7.發生緣由:
 本公司並未針對全年獲利或營運目標公布財測，所有財務訊息應以本公司於公開資
 訊觀測站之公告為準。
8.因應措施:發佈重大訊息說明。
9.其他應敘明事項:
 此報導中有關財務預測的部份及相關財務與業務訊息應以公開資訊觀測站公告訊息
 為主。",上市,,,,2026-10-05,2026-10-07 00:34:06,bfd0d35869e046d4d2f5c2ae05fa530a
1151006,1151005,115244,6141,柏承,澄清媒體報導,第51款,1151005,"1.事實發生日:115/10/05
2.公司名稱:柏承科技股份有限公司
3.與公司關係(請輸入本公司或子公司):本公司
4.相互持股比例:不適用
5.傳播媒體名稱:工商時報
6.報導內容:媒體報導提及本公司高階光模組板陸續進入小量出貨階段，以及「2027年營
 運有望轉虧為盈」與第三季營收獲利預測等相關報導。」等語。
7.發生緣由:澄清媒體報導。
8.因應措施:本公司並未對外發布任何預測性財務或業務資訊，亦未編製財務預測。
本公司相關之財務與業務資訊，請依公開資訊觀測站發布之正式公告為準，特此澄清。
9.其他應敘明事項:無。",上市,,,,2026-10-05,2026-10-07 00:34:06,6cb33dc2db59183f1ea5b4023dbe080f
1151006,1151005,135339,2889,國票金,本公司自辦說明會，說明公司營運概況,第12款,1151019,"符合條款第四條第XX款：12
事實發生日：115/10/19
1.召開法人說明會之日期：115/10/19
2.召開法人說明會之時間：14 時 00 分 
3.召開法人說明會之地點：本次法說會為線上說明會
4.法人說明會擇要訊息：本公司自辦說明會，說明公司營運概況。
5.其他應敘明事項：當日webex連線號碼為:1849465878/連結https://mibf.webex.com/meet/ibf.1703
完整財務業務資訊請至公開資訊觀測站之法人說明會一覽表或法說會項目下查閱。",上市,,,,2026-10-05,2026-10-07 00:34:06,3cdeb4ba15936d1d147e15571d43117e
1151006,1151005,140908,1440,南紡,公告本公司取得私募基金,第24款,1151005,"1.標的物之名稱及性質（屬特別股者，並應標明特別股約定發行條件，
如股息率等）:
統一趨勢新貴基金
2.事實發生日:115/10/05
3.交易單位數量、每單位價格及交易總金額:
交易單位數量：3000000個單位
每單位價格：新台幣10元
交易總金額：新台幣3000萬元
4.交易相對人及其與公司之關係（交易相對人如屬自然人，且非公司
之關係人者，得免揭露其姓名）:
交易相對人：統一證券投資信託(股)公司
其與公司之關係：無
5.交易相對人為關係人者，並應公告選定關係人為交易對象之原因及
前次移轉之所有人、前次移轉之所有人與公司及交易相對人間相互之
關係、前次移轉日期及移轉金額:
不適用
6.交易標的最近五年內所有權人曾為公司之關係人者，尚應公告
關係人之取得及處分日期、價格及交易當時與公司之關係:
不適用
7.本次係處分債權之相關事項（含處分之債權附隨擔保品種類、處分
債權如有屬對關係人債權者尚需公告關係人名稱及本次處分該關係人
之債權帳面金額:
不適用
8.處分利益（或損失）（取得有價證券者不適用）（遞延者應列表
說明認列情形）:
不適用
9.交付或付款條件（含付款期間及金額）、契約限制條款及其他重要
約定事項:
交付或付款條件：依雙方簽署合約規定
契約限制條款及其他重要約定事項：無
10.本次交易之決定方式、價格決定之參考依據及決策單位:
本次交易之決定方式、價格決定之參考依據：參與私募基金投資
決策單位：依本公司核決權限
11.取得或處分有價證券標的公司每股淨值:不適用
12.有價證券標的公司私募參考價格與每股交易金額差距達20%以上:不適用
13.迄目前為止，累積持有本交易證券（含本次交易）之數量、金額、
持股比例及權利受限情形（如質押情形）:
累積持有本交易證券之數量：3000000個單位
金額：新台幣3000萬元
持股比例：不適用
權利受限情形：無
14.迄目前為止，私募有價證券投資（含本次交易）占公司最近期財
務報表中總資產及歸屬於母公司業主之權益之比例暨最近期財務報表中營運資金數額:
佔公司總資產比例：0.0737%
歸屬於母公司業主之權益比例：0.1048%
營運資金數額：新台幣(2,937,124)仟元
15.經理人及經紀費用:
不適用
16.取得或處分之具體目的或用途:
增加投資收益。
17.本次交易表示異議董事之意見:
不適用
18.本次交易為關係人交易:
否
19.董事會通過日期:
不適用
20.監察人承認或審計委員會同意日期:
不適用
21.本次交易會計師出具非合理性意見:不適用
22.會計師事務所名稱:
不適用
23.會計師姓名:
不適用
24.會計師開業證書字號:
不適用
25.其他敘明事項:
無",上市,,,,2026-10-05,2026-10-07 00:34:06,870b2665fc1693015138ed5745343e2e
1151006,1151005,141734,2466,冠西電,"因本公司有價證券於集中市場達公布注意交易資訊
標準故公布相關財務業務等重大訊息,以利投資人區別瞭解",第51款,1151005,"1.事實發生日:115/10/05
2.發生緣由:依臺灣證券交易所通知辦理
3.財務業務資訊:
期間              (月)                  (季)               (最近四季累計)
           最近一月  與去年同期  最近一季   與去年同期      114年第3季至
          115年08月  增     減% 115年第2季   增     減%      115年第2季

科目        (IFRS-合併自結數)     (IFRS-合併核閱數)      (IFRS-合併查核數)
========   ========= ========== ===========  ==========    ============
營業收入      225     59.92%        239         -1.89%            900
(百萬)
稅前淨利      (38)      2.68%         5         103.35%          335
(百萬)
歸屬母公司
業主淨利      (38)      2.68%         3         102.47%          272
每股盈餘    (0.22)    3.58%        0.02        102.47%            1.59
4.有無「臺灣證券交易所股份有限公司對有價證券上市公司重大訊息之查證暨公開處理
  程序」第4條所列重大訊息之情事（如「有」，請說明）:無
5.有無「臺灣證券交易所股份有限公司對有價證券上市公司重大訊息之查證暨公開處理
  程序」第11條所列重大訊息說明記者會之情事:無
6.完整財務資訊請至公開資訊觀測站查閱，路徑如下：
(1)近期營業收入及損益資訊：基本資料>精華版
(2)歷史每月營業收入：營運概況>每月營收>採用IFRSs後之月營業收入資訊
(3)歷史損益(會計師查核/核閱數)：財務報表>採IFRSs後>合併/個別報表>綜合損益表
(4)歷史損益(自願性公告自結數)：營運概況>自結損益公告:無
7.其他應敘明事項:無",上市,,,,2026-10-05,2026-10-07 00:34:06,085687201f8418b4fdb75cf735ca599b
1151006,1151005,142741,2030,彰源,"代子公司Froch Africa Co., Ltd. (彰源非洲維京公司)
依公開發行公司資金貸與及背書保證處理準則第二十二條
第一項第二款及第三款規定公告。",第23款,1151005,"1.事實發生日:115/10/05
2.接受資金貸與之:
(1)公司名稱:Froch Stainless Morocco
(2)與資金貸與他人公司之關係:
Froch Africa Co., Ltd.投資持股100%之公司
(3)資金貸與之限額(仟元):984,096
(4)原資金貸與之餘額(仟元):0
(5)本次新增資金貸與之金額(仟元):180,750
(6)是否為董事會授權董事長對同一貸與對象分次撥貸或循環動用之資金貸與:是
(7)迄事實發生日止資金貸與餘額(仟元):180,750
(8)本次新增資金貸與之原因:
營運週轉
3.接受資金貸與公司所提供擔保品之:
(1)內容:
無
(2)價值(仟元):0
4.接受資金貸與公司最近期財務報表之:
(1)資本(仟元):942,900
(2)累積盈虧金額(仟元):-7,946
5.計息方式:
0.2%計息
6.還款之:
(1)條件:
一年期限內撥貸,到期清償
(2)日期:
一年期限內撥貸,到期清償
7.迄事實發生日為止，資金貸與餘額(仟元):
180,750
8.迄事實發生日為止，資金貸與餘額占公開發行公司最近期財務報表淨值之比率:
0.03
9.公司貸與他人資金之來源:
子公司本身
10.其他應敘明事項:
1.以上之金額(仟元)匯率換算是採用台灣銀行115年09月底
期末匯率歐元1：36.15
2.115年10月05日Froch Africa Co., Ltd.子公司董事會
通過500萬歐元授權董事長對貸與對象於期限內撥貸.",上市,,,,2026-10-05,2026-10-07 00:34:06,e21a56c9c739afcb9b554277a656683f
1151006,1151005,143831,2637,慧洋-KY,補充公告本公司115年09月份自結盈餘,第51款,1151005,"1.事實發生日:115/10/05
2.公司名稱:慧洋海運股份有限公司
3.與公司關係(請輸入本公司或子公司):本公司
4.相互持股比例:不適用
5.發生緣由:補充公告本公司115年09月份自結盈餘
6.因應措施:發佈重大訊息
7.其他應敘明事項(若事件發生或決議之主體係屬公開發行以上公司，本則重大訊息同時
  符合證券交易法施行細則第7條第9款所定對股東權益或證券價格有重大影響之事項):
本月營業收入：USD   63,446,661  TWD  2,012,020 (仟元)
去年同期變動率      19.25%
累計營業收入：USD  497,747,293  TWD 15,792,526 (仟元)
去年同期變動率      31.63%
本月營業利益：USD   28,208,879  TWD    894,560 (仟元)
去年同期變動率      54.52%
累計營業利益：USD  185,326,134  TWD  5,880,028 (仟元)
去年同期變動率     166.34%
本月稅前損益：USD   46,728,945  TWD  1,481,867 (仟元)
去年同期變動率     116.59%
累計稅前損益：USD  206,865,183  TWD  6,563,419 (仟元)
去年同期變動率     251.22%
本月稅前每股盈餘：  1.99
累計稅前每股盈餘：  8.79

計算基礎：
                              期底      月平均    年平均
新台幣/美元                   31.82     31.712    31.728
日圓/美元                    156.89 	 156.29    158.50
流通股數                    746,409,199   -         -
計算EPS流通在外加權平均股數 746,409,199   -         -
                              期底      上月底   去年同期
船舶艘數                       128	   127	     128
BDI                           3113       3186      2134
變動分析：
1.船隊變化：
09/15 Paiwan Hero(DWT40000/Handy)加入營運。
09/17 Paiwan Integrity(DWT40000/Handy)加入營運。
09/21 Amis Power(DWT64012/Supramax)出售。
2.營運變化：本月進塢船舶2艘。
3.匯率波動：本公司日幣及瑞士法郎借款因匯率波動而產生損益。
4.船舶換約：本月共1艘船舶換約。
5.營業利益：本月營業利益較去年同期增加54.52%，係因2025年整體市況不佳。
6.業外損益：本月因日圓升值使業外損益部分有匯兌損失約USD800,000元及新台幣
貶值使業外損益部分有匯兌利益約USD160,000元及瑞士法郎貶值使業外損益部分有
匯兌利益約US4,300,000元。本月出售一艘船舶，認列處分利益約USD16,000,000元。
編制說明：
1.本公司採用會計準則為IFRS。
2.本公司以美元為功能性貨幣。新台幣數字係以期間平均匯率計算。但評價損益則依據
相關匯率之期底數值計算。
3.變動率係依本月與前期之美金財務數字作為計算基準。
4.每股盈餘(EPS)之計算基準為加權平均股數。
5.折舊及船員薪資成本採整月認列，租金收入則按日數以應計基礎認列，故營運天數對
營收及營業利益偶有影響。
6.船舶潤滑油費用為按月估列，但每季盤點時將依實際消耗量調整之。
7.船舶折舊年數依船況、噸位、規格等可能有出入，但目前新船大多以25年估列之。
　殘值計算則為空船重量(light ship weight)乘以廢鐵價格估列。
8.本財務資訊系本公司自結數，尚未經會計師查核簽證。",上市,,,,2026-10-05,2026-10-07 00:34:06,65538e6b3b873747a668cb344d174eff
1151006,1151005,145236,2423,固緯,公告本公司買回庫藏股期間屆滿及執行情形,第35款,1151005,"1.原預定買回股份總金額上限(元):1,512,507,966
2.原預定買回之期間:115/08/10~115/10/05
3.原預定買回之數量(股):1,600,000
4.原預定買回區間價格(元):53.55~112.10
5.本次實際買回期間:115/08/11~115/10/02
6.本次已買回股份數量(股):630,000
7.本次已買回股份總金額(元):47,138,945
8.本次平均每股買回價格(元):74.82
9.累積已持有自己公司股份數量(股):630,000
10.累積已持有自己公司股份數量占公司已發行股份總數之比率(%):0.43
11.本次未執行完畢之原因:
為維護股東權益並兼顧市場機制，本公司視股價變化及成交量狀況採分批買回，故未執行完畢。
12.其他應敘明事項:
無",上市,,,,2026-10-05,2026-10-07 00:34:06,434cd314193ffea4355257a0e64ce145
1151006,1151005,150145,1402,遠東新,本公司受邀參加由凱基證券於2026/10/6在台北南港展覽館所舉辦TITAS投資人說明會,第12款,1151006,"符合條款第四條第XX款：12
事實發生日：115/10/06
1.召開法人說明會之日期：115/10/06
2.召開法人說明會之時間：14 時 00 分 
3.召開法人說明會之地點：台北南港展覽館
4.法人說明會擇要訊息：本公司受邀參加由凱基證券於2026/10/6在台北南港展覽館
所舉辦TITAS投資人說明會，說明2026年度第二季度營運與財務概況
5.其他應敘明事項：法說會資料已揭露於公開資訊觀測站之法說會專區
完整財務業務資訊請至公開資訊觀測站之法人說明會一覽表或法說會項目下查閱。",上市,,,,2026-10-05,2026-10-07 00:34:06,498678d5487f95eedc09333d7cd6fc47
1151006,1151005,150325,1909,榮成,公告本公司115年9月份及1-9月累計合併自結損益,第51款,1151005,"1.事實發生日:115/10/05
2.公司名稱:榮成紙業股份有限公司
3.與公司關係(請輸入本公司或子公司):本公司
4.相互持股比例:不適用
5.傳播媒體名稱:不適用
6.報導內容:不適用
7.發生緣由:公告本公司115年9月份及1-9月累計合併自結損益
單位:新台幣/仟元; EPS:新台幣/元 (自結)          9月         1月-9月
--------------------------------------------------------------------
合併營業損益：                               -53,247        320,644
合併稅前損益：                                81,502        643,935
合併稅前淨利歸屬於母公司業主：                78,963        598,557
合併稅前EPS：                                   0.06           0.46
8.因應措施:無。
9.其他應敘明事項:本公司以加權平均流通在外股數12.97億股為稅前EPS計算基礎。",上市,,,,2026-10-05,2026-10-07 00:34:06,2519584e49f7cc0d4cfec80d2cefda41
1151006,1151005,150417,8462,柏文,"公告本公司辦理註銷買回限制員工權利新股減資變更
登記完成",第36款,1151005,"1.主管機關核准減資日期:115/10/01
2.辦理資本變更登記完成日期:115/10/05
3.對財務報告之影響（含實收資本額與流通在外股數之差異與對每股淨值之影響）:
(1)買回限制員工權利新股註銷減資前：
   實收資本額為新台幣803,866,160元，普通股發行股數為80,386,616股，實際流通
   在外股數為80,380,116股，依115年第二季合併財報每股淨值新台幣29.94元。
(2)買回限制員工權利新股註銷減資後：
   實收資本額為新台幣803,801,160元，普通股發行股數為80,380,116股，實際流通
   在外股數為80,380,116股，依115年第二季合併財報每股淨值新台幣29.94元。
(3)本次註銷股數為6,500股，占流通在外股數之比例甚低，對本公司之合併財務報
   表實無重大之影響。
4.預計換股作業計畫:不適用。
5.預計減資新股上市後之上市普通股股數:不適用。
6.預計減資新股上市後之上市普通股股數占已發行普通股比率
 （減資後上市普通股股數/減資後已發行普通股股數）:不適用。
7.前二項預計減資後上巿普通股股數未達6000萬股且未達25%者，請說明股權流通性偏低
  之因應措施:不適用。
8.其他應敘明事項:本公司於115/10/05接獲主管機關核准減資變更登記核准函。",上市,,,,2026-10-05,2026-10-07 00:34:06,233da0386b6c18c1883d736d58787b7d
1151006,1151005,150501,2395,研華,公告本公司受邀參加大和國泰證券主辦之線上會議,第12款,1151104,"符合條款第四條第XX款：12
事實發生日：115/11/04
1.召開法人說明會之日期：115/11/04
2.召開法人說明會之時間：15 時 30 分 
3.召開法人說明會之地點：線上會議
4.法人說明會擇要訊息：本公司受邀參加大和國泰證券主辦之線上會議，就本公司115年第三季之財務數字、經營績效等資訊做相關說明。
5.其他應敘明事項：無
完整財務業務資訊請至公開資訊觀測站之法人說明會一覽表或法說會項目下查閱。",上市,,,,2026-10-05,2026-10-07 00:34:06,92f34db61b897e490f14fefca73477db
1151006,1151005,150708,6768,志強-KY,公告本公司115年09月份自結合併營收,第51款,1151005,"1.事實發生日:115/10/05
2.公司名稱:志強國際企業股份有限公司
3.與公司關係(請輸入本公司或子公司):本公司
4.相互持股比例:不適用
5.發生緣由:無
6.因應措施:無
7.其他應敘明事項(若事件發生或決議之主體係屬公開發行以上公司，本則重大訊息同時
  符合證券交易法施行細則第7條第9款所定對股東權益或證券價格有重大影響之事項):
本公司115年9月份自結合併營業收入淨額為美元58,020仟元，較去年同期自結數增加
6.19%。截至9月累計合併營收為美元481,589仟元，較去年同期累計自結數合併營收減
少1.99%。",上市,,,,2026-10-05,2026-10-07 00:34:06,5f0c201e0d8512edd20abef1cea9a4e7
1151006,1151005,151035,2351,順德,公告順德股份有限公司國內第一次無擔保轉換公司債(簡稱：順德一，代碼：23511)發行公司行使債券贖回權暨訂於115年11月23日終止櫃檯買賣等相關事宜。,第51款,1151005,"內容：依順德一發行及轉換辦法第十八條規定辦理。
發行公司於115年10月22日至115年11月20日行使債券贖回權，贖回權價格為債券面額之100.0000%
一、依據本公司國內第一次無擔保轉換公司債(以下簡稱：本轉換公司債)發行及轉換辦法第18條第(一)項規定:本轉換公司債於發行滿三個月翌日(民國114年9月18日)起至發行期間屆滿前四十日(民國117年5月8日)止，若本公司普通股在臺灣證券交易所之收盤價連續三十個營業日超過當時轉換價格達百分之三十(含)時，本公司得於其後三十個營業日內，以掛號寄發一份三十日期滿之「債券收回通知書」(前述期間自本公司發信之日起算，並以該期間屆滿日為債券收回基準日，且前述期間不得為第九條之停止轉換期間)予債券持有人(以「債券收回通知書」寄發日前第五個營業日債券持有人名冊所載者為準，對於其後因買賣或其他原因始取得本轉換公司債之債券持有人，則以公告方式為之)，贖回價格訂為本債券面額，以現&#63754;收回其全部債券，並函請櫃買中心公告。本公司執行收回請求，應於債券收回基準日後五個營業日內，按債券面額以現金贖回其流通在外之本轉換公司債。

二、本轉換公司債收回相關事宜如下：
(一)掛號寄發債券收回通知書日期：115年10月22日
(二)通知及受理轉換公司債收回期間：115年10月22日至115年11月20日
(三)轉換公司債收回基準日：115年11月20日 
(四)轉換公司債終止櫃檯買賣日期：115年11月23日 
(五)收回價款發放日：115年11月27日

三、收回手續： 
(一)本轉換債為無實體發行，債券持有人請攜帶(1)證券存摺、(2)集保帳戶印鑑，至原交易證券商填具『轉換公司債帳簿劃撥轉換/贖回/賣回申請書』（127表單，並註明『贖回』）辦理債券收回手續。交易證券商收件後，將向臺灣集中保管結算所提出申請；臺灣集中保管結算所接受申請後送交本公司股務代理機構，於送達時即發生收回效力，且不得申請撤銷。
(二)債權人得自債券收回之前一營業日至屆滿之前一營業日止(即自民國115年10月21日起至民國115年11月19日止)，由債券持有人向往來券商辦理贖回手續。
(三)若債券持有人於「債券收回通知書」所載債券收回基準日前，未以書面回覆本公司股務代理機構(於送達時即生效&#63882;，採郵寄者以郵戳日為憑)者，本公司於債券收回基準日後五個營業日(115年11月27日)以匯款方式給付至債權人留存於交易證券商之款項劃撥帳號，匯費自贖回價金中直接扣除。如因帳號錯誤(或不完全)致金融機構退匯者，將改以郵寄支票至股東登記之通訊地址，相關郵資將由贖回價金中逕予扣除。
(四)如債券持有人不欲公司行使贖回權，擬請求將本轉換公司債轉換為普通股，最遲應於115 年11月24日前至往來證券商辦理轉換手續。
四、本公司股務代理機構：群益金鼎證券股份有限公司股務代理部 
                     地址：台北市大安區敦化南路二段97號地下二樓
                     電話：（02）2702-3999
警語：請投資人注意，具有請求轉換資格者，如未於115年11月24日前以書面請求轉換，本公司將按面額計算以現金收回其全部債券。",上市,,,,2026-10-05,2026-10-07 00:34:06,843f1f88e3391216a6ff87fb6f35b09b
1151006,1151005,151045,6994,富威電力,公告本公司法人董事指派代表人,第6款,1151005,"1.發生變動日期:115/10/05
2.法人名稱:智凱投資股份有限公司
3.舊任者姓名:不適用
4.舊任者簡歷:不適用
5.新任者姓名:林美伶
6.新任者簡歷:東電綠能股份有限公司 董事長
7.異動原因:法人董事指派代表人
8.原任期（例xx/xx/xx至xx/xx/xx）:115/05/22~118/05/21
9.新任生效日期:115/10/05
10.其他應敘明事項:無。",上市,,,,2026-10-05,2026-10-07 00:34:06,4978dd47efbcd224cad46c04072d36d9
1151006,1151005,151419,1727,中華化,"(補充公告)本公司現金增資發行普通股之發行價格暨
代收及存儲價款行庫並調整股款繳納期間",第11款,1151005,"1.董事會決議或公司決定增資基準日期:115/09/23
2.是否採總括申報發行新股(是，請併敘明預定發行期間/否):否
3.主管機關申報生效日期:115/09/17
4.董事會決議(追補)發行日期:115/08/12
5.發行總金額及股數:發行總金額視實際發行價格而定，普通股13,800,000股
6.採總括申報發行新股案件，本次發行金額及股數:不適用
7.採總括申報發行新股案件，本次發行後，剩餘之金額及股數餘額:不適用
8.每股面額:新台幣10元
9.發行價格:每股新台幣81元(補充)
10.員工認股股數:依公司法第267條規定保留10%，計1,380,000股由本公司員工認購。
11.原股東認購比率:增資發行新股80%，計11,040,000股由原股東按認股基準日
  股東名簿記載之股東持股比例認購，每仟股的認購86.23682261股。
12.公開銷售方式及股數:依證券交易法第28條之1規定，提撥發行新股總額10%，
  計1,380,000股辦理公開申購方式對外公開承銷。
13.畸零股及逾期未認購股份之處理方式:原股東認購不足一股之畸零股，自停止過
  戶日起5日內由股東自行向本公司股務代理機構辦理拼湊整股認購，其拼湊不足
  一股之畸零股及原股東、員工與對外公開承銷放棄認購或認購不足及申報拼
  湊之部分，授權董事長洽特定人按發行價格認購。
14.本次發行新股之權利義務:與原有發行之普通股相同。
15.本次增資資金用途:償還銀行貸款、購置機器設備及充實營運資金。
16.現金增資認股基準日:115/10/19
17.最後過戶日:115/10/14
18.停止過戶起始日期:115/10/15
19.停止過戶截止日期:115/10/19
20.股款繳納期間:115/10/23-115/11/23(補充)
21.與代收及專戶存儲價款行庫訂約日期:115/10/5(補充)
22.委託代收存款機構:永豐銀行延平分行(補充)
23.委託存儲款項機構:永豐銀行士林分行(補充)
24.其他應敘明事項:
(1)本公司辦理現金增資發行普通股13,800,000股乙案，
   業經金融監督管理委員會於115年09月17日業經金融監督管理委員會
   金管證發字第1150354913號函申報生效在案。
(2)以上增資相關事宜如經主管機關核定處理、修正或為因應法令修訂
   及其他未盡事宜，須予變更時，擬請董事會授權董事長全權處理之。",上市,,,,2026-10-05,2026-10-07 00:34:06,5ae92d7f58c0543f670115d4a0204bfd
1151006,1151005,153333,8021,尖點,"本公司有價證券於集中交易市場達公布注意交易資訊標準，
故公布有關財務業務等重大訊息，以利投資人區別瞭解。",第51款,1151005,"1.事實發生日:115/10/05
2.發生緣由:依臺灣證券交易所股份有限公司通知辦理公告。
3.財務業務資訊:

 期間               (月)                      (季)           (最近四季累計)
----------------------------------------------------------------------------
          最近一月      與去年同期     最近一季     與去年同期 (114年第3季
         (115年8月)      增減%     (115年第二季)     增減%   至115年第2季)
                                                                (合併核閱　
 科目    (合併自結數)                (合併核閱數)               及查核數)
---------------------------------------------------------------------------
營業收入     770,701       97.75%      1,826,030       80.30%      5,675,548
稅前淨利     223,528       251.64%        518,481      278.33%     1,239,717
歸屬於母公司 142,087       300.41%        302,049      285.50%       729,814
業主淨利
每股盈餘(元)   0.97        286.23%           2.08      275.81%          5.08

4.有無「臺灣證券交易所股份有限公司對有價證券上市公司重大訊息之查證暨公開處理
  程序」第4條所列重大訊息之情事（如「有」，請說明）:無。
5.有無「臺灣證券交易所股份有限公司對有價證券上市公司重大訊息之查證暨公開處理
  程序」第11條所列重大訊息說明記者會之情事:無。
6.完整財務資訊請至公開資訊觀測站查閱，路徑如下：
(1)近期營業收入及損益資訊：基本資料>精華版
(2)歷史每月營業收入：營運概況>每月營收>採用IFRSs後之月營業收入資訊
(3)歷史損益(會計師查核/核閱數)：財務報表>採IFRSs後>合併/個別報表>綜合損益表
(4)歷史損益(自願性公告自結數)：營運概況>自結損益公告:
7.其他應敘明事項:無。",上市,,,,2026-10-05,2026-10-07 00:34:06,99ee343aeb2d359c2f70896e58b06932
1151006,1151005,154308,6225,天瀚,"本公司有價證券於集中交易市場達公布注意交易資訊標準，
故公布有關財務業務等重大訊息，以利投資人區別瞭解",第51款,1151005,"1.事實發生日:115/10/05
2.發生緣由:依臺灣證券交易所股份有限公司通知辦理公告
3.財務業務資訊:
              最近一月    與去年同期   最近一季     與去年同期  最近四季累計
  期間       (115年8月)               (115年第2季)              (114年第3季
                                                                 ~115年第2季)
  科目      (合併自結數)      增減%    (合併查核數)    增減%     (合併查核數)
=======    ============  ===========  ============  =========   =============
營業收入          3.23     139.18%         20.68       89.10%        60.99
(百萬)
稅前淨利         -0.87     -46.26%          0.59      -73.58%        -2.03
(百萬)
歸屬母公司業主   -0.87     -46.26%          0.59      -73.58%        -2.03
淨利(百萬)
每股盈餘(元)     -0.03     -46.26%          0.02      -71.43%        -0.07

4.有無「臺灣證券交易所股份有限公司對有價證券上市公司重大訊息之查證暨公開處理
  程序」第4條所列重大訊息之情事（如「有」，請說明）:無
5.有無「臺灣證券交易所股份有限公司對有價證券上市公司重大訊息之查證暨公開處理
  程序」第11條所列重大訊息說明記者會之情事:無
6.完整財務資訊請至公開資訊觀測站查閱，路徑如下：
(1)近期營業收入及損益資訊：基本資料>精華版
(2)歷史每月營業收入：營運概況>每月營收>採用IFRSs後之月營業收入資訊
(3)歷史損益(會計師查核/核閱數)：財務報表>採IFRSs後>合併/個別報表>綜合損益表
(4)歷史損益(自願性公告自結數)：營運概況>自結損益公告:無
7.其他應敘明事項:無",上市,,,,2026-10-05,2026-10-07 00:34:06,4d23b1153ccf0a474ae06db72dd328bc
1151006,1151005,155015,2340,台亞,"係因本公司有價證券於集中交易市場達公布注意交易資訊標準，
故公布相關財務業務等重大訊息，以利投資人區別瞭解。",第51款,1151005,"1.事實發生日:115/10/05
2.發生緣由:依臺灣證券交易所股份有限公司通知辦理
3.財務業務資訊:
公司最近期財務資訊如下:(單位:百萬元)

          最近一月    與去年同期    最近一季    與去年同期     最近四季累計
期間      115年8月    增減%        115年第2季  增減%          114年第3季至
                                                               115年第2季
科目      (IFRS合併自結數)            (IFRS合併核閱數)      (IFRS合併核閱數)
=============================================================================
營業收入       474     -21.89%          1,209      5.08%            4,372
稅前淨利       -70    -207.75%           -200     50.47%            - 960
歸屬母公司     -64     -78.12%           -193     48.65%            - 951
業主淨利
每股盈餘(元)  -0.15     78.12%          -0.44     48.84%            -2.17
4.有無「臺灣證券交易所股份有限公司對有價證券上市公司重大訊息之查證暨公開處理
  程序」第4條所列重大訊息之情事（如「有」，請說明）:無。
5.有無「臺灣證券交易所股份有限公司對有價證券上市公司重大訊息之查證暨公開處理
  程序」第11條所列重大訊息說明記者會之情事:無。
6.完整財務資訊請至公開資訊觀測站查閱，路徑如下：
(1)近期營業收入及損益資訊：基本資料>精華版
(2)歷史每月營業收入：營運概況>每月營收>採用IFRSs後之月營業收入資訊
(3)歷史損益(會計師查核/核閱數)：財務報表>採IFRSs後>合併/個別報表>綜合損益表
(4)歷史損益(自願性公告自結數)：營運概況>自結損益公告:無。
7.其他應敘明事項:
本期稅前淨利較去年同期變動幅度大，主係受外幣匯率波動及認列金融資產評價損失
所致，連帶影響歸屬於母公司業主淨利及每股盈餘。",上市,,,,2026-10-05,2026-10-07 00:34:06,38523f9ff04c5ac236da4906f001e9e1
1151006,1151005,155118,6155,鈞寶,"因本公司有價證券於集中交易市場達公佈注意交易資訊標準，
故公佈相關財務業務等重大訊息，以利投資人區別瞭解。",第51款,1151005,"1.事實發生日:115/10/05
2.發生緣由:依臺灣證券交易所股份有限公司通知辦理。
3.財務業務資訊:
 期間
 ======== ====================== ===================== ===============
           最近一月    與去年     最近一季    與去年      最近四季累計
　科目　　(115年8月)　 同期增減%　115年第2季 同期增減%　  114年第3季至
                                                          115年第2季
          (合併自結數)            (合併核閱數)           (合併核閱數)
 ======== ====================== ===================== ===============
營業收入
(百萬)        75.03      50.05%      209.83     34.39%        693.49
稅前淨利
(百萬)        17.76     -60.04%       60.58    187.64%        180.85
歸屬母公司
業主淨利(百萬)16.45    -50.08%       56.02    195.35%        158.46
每股盈餘
(元)           0.19     -48.65%        0.64    195.52%          1.81
4.有無「臺灣證券交易所股份有限公司對有價證券上市公司重大訊息之查證暨公開處理
  程序」第4條所列重大訊息之情事（如「有」，請說明）:無。
5.有無「臺灣證券交易所股份有限公司對有價證券上市公司重大訊息之查證暨公開處理
  程序」第11條所列重大訊息說明記者會之情事:無。
6.完整財務資訊請至公開資訊觀測站查閱，路徑如下：
(1)近期營業收入及損益資訊：基本資料>精華版
(2)歷史每月營業收入：營運概況>每月營收>採用IFRSs後之月營業收入資訊
(3)歷史損益(會計師查核/核閱數)：財務報表>採IFRSs後>合併/個別報表>綜合損益表
(4)歷史損益(自願性公告自結數)：營運概況>自結損益公告:無。
7.其他應敘明事項:無。",上市,,,,2026-10-05,2026-10-07 00:34:06,9ac3faa447c62e4b609916dfc511f717
1151006,1151005,155424,3701,大眾控,"因本公司有價證券於集中交易市場達公布注意交易資訊標
準，故公布相關財務業務等重大訊息，以利投資人區別瞭解。",第51款,1151005,"1.事實發生日:115/10/05
2.發生緣由:依據台灣證券交易所股份有限公司通知辦理
3.財務業務資訊:(合併資訊)
	  最近一月   與去年同期     最近一季    與去年同期   最近四季累計
	   自結數       增減      會計師核閱數     增減   會計師查核/核閱數
        (115年08月)      %       (115年第2季)       %      (114Q3~115Q2)
營業收入     837         8%          2,096        -20%         8,509
  (百萬)
稅前淨利     -28      -115%           -284       -365%          -793
  (百萬)
歸屬母公司   -20       -17%           -165       -346%          -617
業主淨利
  (百萬)
每股盈餘   -0.08        -17%          -0.70       -350%         -2.62
  (元)
4.有無「臺灣證券交易所股份有限公司對有價證券上市公司重大訊息之查證暨公開處理
  程序」第4條所列重大訊息之情事（如「有」，請說明）:無
5.有無「臺灣證券交易所股份有限公司對有價證券上市公司重大訊息之查證暨公開處理
  程序」第11條所列重大訊息說明記者會之情事:無
6.完整財務資訊請至公開資訊觀測站查閱，路徑如下：
(1)近期營業收入及損益資訊：基本資料>精華版
(2)歷史每月營業收入：營運概況>每月營收>採用IFRSs後之月營業收入資訊
(3)歷史損益(會計師查核/核閱數)：財務報表>採IFRSs後>合併/個別報表>綜合損益表
(4)歷史損益(自願性公告自結數)：營運概況>自結損益公告:
7.其他應敘明事項:無",上市,,,,2026-10-05,2026-10-07 00:34:06,ec2b3bc4e18c0253c21e2c58d98fb334
1151006,1151005,160130,3665,貿聯-KY,公告本公司115年9月份自結合併營收,第51款,1151005,"1.事實發生日:115/10/05
2.公司名稱:BizLink Holding Inc.
3.與公司關係(請輸入本公司或子公司):本公司
4.相互持股比例:不適用
5.發生緣由:無
6.因應措施:無
7.其他應敘明事項(若事件發生或決議之主體係屬公開發行以上公司，本則重大訊息同時
  符合證券交易法施行細則第7條第9款所定對股東權益或證券價格有重大影響之事項):
本公司115年9月份自結合併營業收入淨額為美金294,199仟元，較去年同期自結數
增加33.92%。115年累計合併營收為美金2,267,416仟元，較去年累計自結數合併
營收增加37.62%。",上市,,,,2026-10-05,2026-10-07 00:34:06,c123abc38b5d12c9654f667baec33c7b
1151006,1151005,161836,9938,百和,公告本公司115年9月份自結合併營收概算,第51款,1151005,"1.事實發生日:115/10/05
2.公司名稱:台灣百和工業股份有限公司
3.與公司關係(請輸入本公司或子公司):本公司
4.相互持股比例:不適用
5.發生緣由:公告本公司115年9月份自結合併營收概算
 　　　　　　　　　　　　 當月數　　　　 當月數
       項目        　　  115年9月       115年9月    差異比率
 ------------------   -------------  -------------  --------
 合併營業收入淨額      $ 1,490,654    $ 1,406,877      6.0%
 (新台幣仟元)
 　　　　　　　　　　　   累計數　　　   累計數
      項目         　 　115年1-9月  　 114年1-9月   差異比率
 ------------------   -------------  -------------  --------
 合併營業收入淨額      $12,251,268    $12,008,423　    2.0%
 (新台幣仟元)
 註：前述115年各項數字係本公司自結數，尚未經會計師查核(核閱)。
6.因應措施:無
7.其他應敘明事項(若事件發生或決議之主體係屬公開發行以上公司，本則重大訊息同時
  符合證券交易法施行細則第7條第9款所定對股東權益或證券價格有重大影響之事項):無",上市,,,,2026-10-05,2026-10-07 00:34:06,75124c4603779e2cc6e494c18017898d
1151006,1151005,161931,2340,台亞,"(更正) 係因本公司有價證券於集中交易市場達公
布注意交易資訊標準，故公布相關財務業務等重大訊息
，以利投資人區別瞭解。",第51款,1151005,"1.事實發生日:115/10/05
2.發生緣由:依臺灣證券交易所股份有限公司通知辦理
3.財務業務資訊:
公司最近期財務資訊如下:(單位:百萬元)

          最近一月    與去年同期    最近一季    與去年同期     最近四季累計
期間      115年8月    增減%        115年第2季  增減%          114年第3季至
                                                               115年第2季
科目      (IFRS合併自結數)            (IFRS合併核閱數)      (IFRS合併核閱數)
=============================================================================
營業收入       474      21.89%          1,209      5.08%            4,372
稅前淨利       -70    -207.75%           -200     50.47%            - 960
歸屬母公司     -64     -78.12%           -193     48.65%            - 951
業主淨利
每股盈餘(元)  -0.15    -78.12%          -0.44     48.84%            -2.17
4.有無「臺灣證券交易所股份有限公司對有價證券上市公司重大訊息之查證暨公開處理
  程序」第4條所列重大訊息之情事（如「有」，請說明）:無。
5.有無「臺灣證券交易所股份有限公司對有價證券上市公司重大訊息之查證暨公開處理
  程序」第11條所列重大訊息說明記者會之情事:無。
6.完整財務資訊請至公開資訊觀測站查閱，路徑如下：
(1)近期營業收入及損益資訊：基本資料>精華版
(2)歷史每月營業收入：營運概況>每月營收>採用IFRSs後之月營業收入資訊
(3)歷史損益(會計師查核/核閱數)：財務報表>採IFRSs後>合併/個別報表>綜合損益表
(4)歷史損益(自願性公告自結數)：營運概況>自結損益公告:無。
7.其他應敘明事項:
1.本期稅前淨利較去年同期變動幅度大，主係受外幣匯率波動及認列金融資產評價損失
所致，連帶影響歸屬於母公司業主淨利及每股盈餘。
2.誤植115年8月營業收入及每股盈餘與去年同期增減百分比資訊。",上市,,,,2026-10-05,2026-10-07 00:34:06,533310648f340619ab69481afedb77f0
1151006,1151005,162835,3543,州巧,公告本公司自然人董事辭任,第6款,1151005,"1.發生變動日期:115/10/05
2.選任或變動人員別（請輸入法人董事、法人監察人、獨立董事、自然人董事
  或自然人監察人）:自然人董事
3.舊任者職稱及姓名:李逸淑
4.舊任者簡歷:本公司董事
5.新任者職稱及姓名:不適用
6.新任者簡歷:不適用
7.異動情形（請輸入「辭職」、「解任」、「任期屆滿」、「逝世」或「新任」）:辭職
8.異動原因:辭任
9.新任者選任時持股數:不適用
10.原任期（例xx/xx/xx ~ xx/xx/xx）:113/05/24~116/05/23
11.新任生效日期:不適用
12.同任期董事變動比率:1/9
13.同任期獨立董事變動比率:0
14.同任期監察人變動比率:不適用
15.屬三分之一以上董事發生變動（請輸入是或否）:否
16.其他應敘明事項(若事件發生或決議之主體係屬公開發行以上公司，本則重大訊息同時
   符合證券交易法施行細則第7條第6款所定對股東權益或證券價格有重大影響之事項):
本公司依據李逸淑董事辭任書辦理，辭任生效日為115/11/30。",上市,,,,2026-10-05,2026-10-07 00:34:06,19e79d636b51a6e7f3a9fda88d6a5c26
1151006,1151005,163020,3003,健和興,公告本公司115年09月份自結合併營收概算,第51款,1151005,"1.事實發生日:115/10/05
2.公司名稱:健和興端子股份有限公司
3.與公司關係(請輸入本公司或子公司):本公司
4.相互持股比例:不適用
5.發生緣由:本公司115年09月份自結合併營收情形
09-09月合併營收：5.47億元，114年同期合併營收：3.53億元。
01-09月合併營收：46.30億元，114年同期合併營收：32.26億元。
6.因應措施:無。
7.其他應敘明事項(若事件發生或決議之主體係屬公開發行以上公司，本則重大訊息同時
  符合證券交易法施行細則第7條第9款所定對股東權益或證券價格有重大影響之事項):無。",上市,,,,2026-10-05,2026-10-07 00:34:06,f3f11892c9e9bc3a74bfa7986e8ce8ee
1151006,1151005,163105,6931,青松健康,公告本公司董事長訂定民國115年第二季除息基準日等相關事宜,第14款,1151005,"1.董事會、股東會決議或公司決定日期:115/10/05
2.除權、息類別（請填入「除權」、「除息」或「除權息」）:除息
3.普通股發放股利種類及金額:
普通股現金股利每股配發新臺幣0.12元，共計新臺幣7,938,260元。
4.除權（息）交易日:115/10/23
5.最後過戶日:115/10/27
6.停止過戶起始日期:115/10/28
7.停止過戶截止日期:115/11/01
8.除權（息）基準日:115/11/01
9.債券最後申請轉換日期:不適用
10.債券停止轉換起始日期:不適用
11.債券停止轉換截止日期:不適用
12.普通股現金股利發放日期:115/11/24
13.現金股利之一部或全部是否以外幣發放(請填入「是」或「否」):否
14.外幣現金股利發放幣別:不適用
15.外幣現金股利發放對象:不適用
16.外幣現金股利匯率決定方式:不適用
17.其他應敘明事項:
依本公司115年08月12日董事會決議，授權董事長訂定除息基準日、
發放日及其他相關事宜，如嗣後因本公司流通在外普通股股數
發生變動，致使配息率因此而需調整時，亦授權董事長全權調整之。",上市,,,,2026-10-05,2026-10-07 00:34:06,cee52edccb48772adf7ccb73ff0f2a78
1151006,1151005,163235,6645,金萬林-創,"公告本公司國內第一次有擔保轉換公司債(簡稱：金萬林一
，代碼：66451)於115年12月4日發行屆滿2年，債券持有人得行
使賣回權相關事宜",第51款,1151005,"1.事實發生日:115/10/05
2.公司名稱:金萬林企業股份有限公司
3.與公司關係(請輸入本公司或子公司):本公司
4.相互持股比例:不適用
5.發生緣由:依據金萬林一發行及轉換辦法第十九條規定辦理。
6.因應措施:
債券持有人得於115年11月5日至115年12月4日行使賣回權相關事宜，本次賣回權價格為
債券面額之102.01 %。
(一)債券持有人得於賣回期間以書面通知本公司股務代理機構(於文件送達時即生效力)
    ，要求本公司以債券面額加計利息補償金將其持有之公司債以現金贖回，滿2年之
    利息補償金為債券面額之2.01 %。
(二)債券賣回基準日：115年12月4日。
(三)債券持有人以書面通知發行公司辦理賣回期間：115年11月5日至115年12月4日止。
    凡持有本轉換債而欲行使賣回權之債權人，自債券賣回通知之始日(115年11月5日)
    之前一營業日(即115年11月4日)起至屆滿日(115年12月4日)之前一營業日(即115年
    12月3日)止，向往來券商申請辦理賣回手續。
(四)本公司股務代理機構:華南永昌綜合證券股份有限公司股務代理部。
7.其他應敘明事項(若事件發生或決議之主體係屬公開發行以上公司，本則重大訊息同時
  符合證券交易法施行細則第7條第9款所定對股東權益或證券價格有重大影響之事項):
本公司於賣回基準日後五個營業日內(預計於115年12月11日)，將賣回價款扣除郵匯費、
稅款、補充健保費後，匯入債權人帳戶。",上市,,,,2026-10-05,2026-10-07 00:34:06,91cc7f54bf06774d475325c24b728d87
1151006,1151005,163504,6120,達運,本公司受邀參加台新證券舉辦之線上法人說明會,第12款,1151007,"符合條款第四條第XX款：12
事實發生日：115/10/07
1.召開法人說明會之日期：115/10/07
2.召開法人說明會之時間：14 時 30 分 
3.召開法人說明會之地點：線上法說會
4.法人說明會擇要訊息：本公司受邀參加台新證券舉辦之線上法人說明會，說明本公司之財務與營運概況。
5.其他應敘明事項：影音資訊於當日會後上傳。
完整財務業務資訊請至公開資訊觀測站之法人說明會一覽表或法說會項目下查閱。",上市,,,,2026-10-05,2026-10-07 00:34:06,39953f85b6ca3bb65db0837bc4acfb7a
1151006,1151005,163620,8473,山林水,"1.公告本公司向關係人取得不動產。
2.公告本公司向關係人取得不動產使用權資產。",第20款,1151005,"1.標的物之名稱及性質（如坐落台中市北區ＸＸ段ＸＸ小段土地）:
1.不動產:台北市中山區松江路155、157號18樓及其地下二層停車位五部。
2.不動產使用權資產:台北市中山區松江路155號17樓、157號17、19樓。
2.事實發生日:115/10/5~115/10/5
3.董事會通過日期: 民國115年10月5日
4.其他核決日期: 不適用
5.交易單位數量（如ＸＸ平方公尺，折合ＸＸ坪）、每單位價格及交易總金額:
1.不動產:
土地面積：70.98平方公尺，折合約21.47坪 
建物面積：1,058.49平方公尺，折合約320.20坪 
交易總金額：新台幣521,610,000元。
2.不動產使用權資產:
交易單位數量:1,403.04平方公尺，折合約424.42坪 
每單位價格:每坪租金約3,800-3,900元/月(含稅)
租賃金額:每月1,627,500元(含稅)
使用權資產金額:88,865,418元
6.交易相對人及其與公司之關係（交易相對人如屬自然人，且非公司之關
係人者，得免揭露其姓名）:
向關係人取得不動產及不動產使用權資產皆為:
交易相對人：力麒建設股份有限公司 
與公司之關係：本公司之最終母公司
7.交易相對人為關係人者，並應公告選定關係人為交易對象之原因及前次移轉之
所有人、前次移轉之所有人與公司及交易相對人間相互之關係、前次移轉日期
及移轉金額:
選定關係人為交易對象之原因:營運所需供辦公室使用
前次移轉之所有人:不適用(力麒建設股份有限公司自地自建)
前次移轉之所有人與公司及交易相對人間相互之關係:不適用
前次移轉日期:不適用
前次移轉金額:不適用
8.交易標的最近五年內所有權人曾為公司之關係人者，尚應公告關係
人之取得及處分日期、價格及交易當時與公司之關係:
不適用。
9.預計處分利益（或損失）（取得資產者不適用）（遞延者應列表說明
認列情形）:
不適用。
10.交付或付款條件（含付款期間及金額）、契約限制條款及其他重要約定
事項:
1.不動產:依契約約定。
2.不動產使用權資產:
交付或付款條件：民國115年10月01日起至民國120年09月30日止，
按月支付租金新台幣1,627,500元(含稅)。
契約限制條款及其他重要約定事項：無。
11.本次交易之決定方式（如招標、比價或議價）、價格決定之參考依據及
決策單位:
1.不動產:交易之決定方式：雙方議價決定;價格決定之參考依據：
參考市場行情與諮詢專業鑑價機構之參考價格;決策單位：董事會。
2.不動產使用權資產:交易之決定方式：雙方議價決定;價格決定之參考依據：
參考市場行情;決策單位：董事會。
12.專業估價者事務所或公司名稱及其估價金額:
1.不動產:哲宇不動產估價師聯合事務所；估價金額為新台幣 524,974,560 元。
2.不動產使用權資產:不適用。
13.專業估價師姓名:
1.不動產:郭春鈺 估價師。
2.不動產使用權資產:不適用。
14.專業估價師開業證書字號:
1.不動產:(107)南市估字第000076號。
2.不動產使用權資產:不適用。
15.估價報告是否為限定價格、特定價格或特殊價格:否或不適用
16.是否尚未取得估價報告:否或不適用
17.尚未取得估價報告之原因:
不適用
18.估價結果有重大差異時，其差異原因及會計師意見:
不適用。
19.會計師事務所名稱:
爍時聯合會計師事務所。
20.會計師姓名:
王英欉。
21.會計師開業證書字號:
金管會證字第8007號。
22.經紀人及經紀費用:
不適用。
23.取得或處分之具體目的或用途:
營運所需供辦公室使用。
24.本次交易表示異議之董事之意見:
無。
25.本次交易為關係人交易:是
26.監察人承認或審計委員會同意日期:
1.民國115年10月05日
27.本次交易係向關係人取得不動產或其使用權資產:是
28.依「公開發行公司取得或處分資產處理準則」第十六條規定
評估之價格:560,734,164元
29.依前項評估之價格較交易價格為低者，依同準則第十七條規
定評估之價格:不適用
30.前已就同一件事件發布重大訊息日期: 不適用
31.其他敘明事項:
無。",上市,,,,2026-10-05,2026-10-07 00:34:06,c0bb665adf54c94faab2530632ac0d99
1151006,1151005,163712,8473,山林水,公告本公司使用權資產提前終止租賃契約,第20款,1151005,"1. 原公告日期：
112/12/14
2. 簡述原公告申報內容：
本公司與本公司之最終母公司力麒建設股份有限公司原租約期間
自113.01.01起至115.12.31止， 每月租金新台幣236,985元
(含稅)，取得使用權資產約新台幣7,903,570元， 作為本公司
辦公室使用。
3. 變動緣由及主要內容：
集團整體營運規劃及辦公室整併作業，提前於115年9月30日終止租約。
4. 變動後對公司財務業務之影響：
無。
5. 其他應敘明事項：
無。",上市,,,,2026-10-05,2026-10-07 00:34:06,d32cb499917edf257b19d5151178a5a5
1151006,1151005,163756,8473,山林水,公告本公司董事會通過公司遷址案,第51款,1151005,"1.事實發生日:115/10/05
2.公司名稱:山林水環境工程股份有限公司
3.與公司關係(請輸入本公司或子公司):本公司
4.相互持股比例:不適用
5.發生緣由:因本公司營運發展需要，經115年10月05日董事會決議通過遷址案。
原地址：台北市吉林路99號3樓
變更後地址：台北市松江路155號18樓
6.因應措施:依法向主管機關辦理遷址之變更登記事宜。
7.其他應敘明事項(若事件發生或決議之主體係屬公開發行以上公司，本則重大訊息同時
  符合證券交易法施行細則第7條第9款所定對股東權益或證券價格有重大影響之事項):無。",上市,,,,2026-10-05,2026-10-07 00:34:06,5fce968a26f5f75e8761b74ad5690f3a
1151006,1151005,164337,1789,神隆,公告本公司法人董事代表人異動,第6款,1151005,"1.發生變動日期:115/10/05
2.法人名稱:台灣糖業(股)公司
3.舊任者姓名:孫鈴明
4.舊任者簡歷:台灣糖業(股)公司 生物科技事業部執行長
5.新任者姓名:待重新指派
6.新任者簡歷:待重新指派
7.異動原因:台灣糖業(股)公司董事代表人卸任
8.原任期（例xx/xx/xx至xx/xx/xx）:113/05/28~116/05/27
9.新任生效日期:不適用
10.其他應敘明事項:
   依據台灣糖業(股)公司115/10/05來函辦理，接任人選待台灣糖業(股)公司派任
   後另行公告。",上市,,,,2026-10-05,2026-10-07 00:34:06,c45cda8edcf059d92d64291fc5932239
1151006,1151005,164417,9938,百和,(更正年度)公告本公司115年9月份自結合併營收概算,第51款,1151005,"1.事實發生日:115/10/05
2.公司名稱:台灣百和工業股份有限公司
3.與公司關係(請輸入本公司或子公司):本公司
4.相互持股比例:不適用
5.發生緣由:公告本公司115年9月份自結合併營收概算
 　　　　　　　　　　　　 當月數　　　　 當月數
       項目        　　  115年9月       114年9月    差異比率
 ------------------   -------------  -------------  --------
 合併營業收入淨額      $ 1,490,654    $ 1,406,877      6.0%
 (新台幣仟元)
 　　　　　　　　　　　   累計數　　　   累計數
      項目         　 　115年1-9月  　 114年1-9月   差異比率
 ------------------   -------------  -------------  --------
 合併營業收入淨額      $12,251,268    $12,008,423　    2.0%
 (新台幣仟元)
 註：前述115年各項數字係本公司自結數，尚未經會計師查核(核閱)。
6.因應措施:無
7.其他應敘明事項(若事件發生或決議之主體係屬公開發行以上公司，本則重大訊息同時
  符合證券交易法施行細則第7條第9款所定對股東權益或證券價格有重大影響之事項):無",上市,,,,2026-10-05,2026-10-07 00:34:06,24286e9dfecc318e52130a2e4293e704
1151006,1151005,164440,6278,台表科,台表科115年09月份自結合併營收為新臺幣51.62億元,第51款,1151005,"1.事實發生日:115/10/05
2.公司名稱:台灣表面黏著科技股份有限公司
3.與公司關係(請輸入本公司或子公司):本公司
4.相互持股比例:不適用
5.發生緣由:月營收公佈
6.因應措施:不適用
7.其他應敘明事項(若事件發生或決議之主體係屬公開發行以上公司，本則重大訊息同時
  符合證券交易法施行細則第7條第9款所定對股東權益或證券價格有重大影響之事項):
(1)合併營業收入(當月與去年同月比較)(單位：新臺幣仟元)

  項    目    114年09月     115年09月      成長率%
  合併營收    4,452,405     5,162,030       15.94%

(2)合併營業收入(當月與上月比較)(單位：新臺幣仟元)

  項    目    115年08月     115年09月      成長率%
  合併營收    4,628,384     5,162,030       11.53%

(3)累計合併營業收入(單位：新臺幣仟元)

  項    目    114年1~9月    115年1~9月     成長率%
  合併營收   37,790,010    40,243,995        6.49%

(4)上列數字係本公司自結數，未經會計師簽證或核閱。",上市,,,,2026-10-05,2026-10-07 00:34:06,cec71998fa32cb6e47061c982fd62024
1151006,1151005,164456,2884,玉山金,"公告本公司取得三商美邦保險代理人股份有限公司100%
股權案之股份買賣交割基準日",第51款,1151005,"1.事實發生日:115/10/05
2.公司名稱:玉山金控
3.與公司關係(請輸入本公司或子公司):本公司
4.相互持股比例:不適用
5.發生緣由:
本公司向三商投資控股股份有限公司以股份買賣方式取得三商美邦保險
代理人股份有限公司全部已發行有表決權股份，本案經董事會授權董事
長代表合約簽署及進行必要之協商及調整，本日決議訂定交割基準日為
115年11月6日，並於當日依合約完成交割事宜。
6.因應措施:無
7.其他應敘明事項(若事件發生或決議之主體係屬公開發行以上公司，本則重大訊息同時
  符合證券交易法施行細則第7條第9款所定對股東權益或證券價格有重大影響之事項):
本案已於115年9月22日獲金融監督管理委員會核准函，並於115年9月24日獲公平
交易委員會決議不予禁止，已獲得所有主管機關同意。",上市,,,,2026-10-05,2026-10-07 00:34:06,b3a7ff7641048790c57724b5ad86d945
1151006,1151005,170412,2607,榮運,受邀參加永豐金證券舉辦之法人說明會，說明本公司之營運概況,第12款,1151008,"符合條款第四條第XX款：12
事實發生日：115/10/08
1.召開法人說明會之日期：115/10/08
2.召開法人說明會之時間：16 時 00 分 
3.召開法人說明會之地點：張榮發基金會國際會議中心11樓(台北市中正區中山南路11號)
4.法人說明會擇要訊息：受邀參加永豐金證券舉辦之法人說明會，說明本公司之營運概況。
5.其他應敘明事項：活動詳情請洽：永豐金證券鄒小姐TEL：(02)23828166或E-MAIL：ECM@sinopac.com
完整財務業務資訊請至公開資訊觀測站之法人說明會一覽表或法說會項目下查閱。",上市,,,,2026-10-05,2026-10-07 00:34:06,3bcb0a544fba9db1e008e8f09513ec4a
1151006,1151005,170630,2885,元大金,"元大金控代子公司元大證券公告取得
上海商業儲蓄銀行股份有限公司一百一十五年度第一期次順位金融債券",第20款,1151005,"1.標的物之名稱及性質（屬特別股者，並應標明特別股約定發行條件，如股息率等）:
上海商業儲蓄銀行股份有限公司一百一十五年度第一期次順位金融債券
2.事實發生日:115/10/5~115/10/5
3.董事會通過日期: 不適用
4.其他核決日期:
核決層級:董事長核決
民國115年10月1日
5.交易單位數量、每單位價格及交易總金額:
交易數量：100張							
單位價格：依票面金額均為新臺幣10,000仟元				
交易總金額：新臺幣10億元整
6.交易相對人及其與公司之關係（交易相對人如屬自然人，且非公司之
關係人者，得免揭露其姓名）:
交易相對人：上海商業儲蓄銀行股份有限公司
與公司關係：非利害關係人
7.交易相對人為關係人者，並應公告選定關係人為交易對象之原因及前次移
轉之所有人、前次移轉之所有人與公司及交易相對人間相互之關係、前次
移轉日期及移轉金額:
不適用
8.交易標的最近五年內所有權人曾為公司之關係人者，尚應公告關係人之取
得及處分日期、價格及交易當時與公司之關係:
不適用
9.本次係處分債權之相關事項（含處分之債權附隨擔保品種類、處分債權
如有屬對關係人債權者尚需公告關係人名稱及本次處分該關係人之債權
帳面金額:
不適用
10.處分利益（或損失）（取得有價證券者不適用）（遞延者應列表說明
認列情形）:
不適用
11.交付或付款條件（含付款期間及金額）、契約限制條款及其他重要約定
事項:
交付或付款條件：一次付清/現金交割
契約限制條款及其他重要約定事項：無
12.本次交易之決定方式、價格決定之參考依據及決策單位:
本次交易之決定方式：議價               
價格決定之參考依據：依議價結果             
決策單位：依元大證券核決權限核決
13.取得或處分有價證券標的公司每股淨值:
不適用
14.迄目前為止，累積持有本交易證券（含本次交易）之數量、金額、持股
比例及權利受限情形（如質押情形）:
數量：100張
金額：新臺幣10億元整
持股比例：不適用
權利受限情形：無
15.迄目前為止，依「公開發行公司取得或處分資產處理準則」第三條所列
之有價證券投資（含本次交易）占公司最近期財務報表中總資產及歸屬
於母公司業主之權益之比例暨最近期財務報表中營運資金數額:
1.佔總資產比例：22.87%               
2.佔股東權益比例：154.58%                    
3.營運資金：新臺幣 129,738,104,410元
16.經紀人及經紀費用:
不適用
17.取得或處分之具體目的或用途:
執行一般業務
18.本次交易表示異議董事之意見:
不適用
19.本次交易為關係人交易:否
20.監察人承認或審計委員會同意日期:
不適用
21.本次交易會計師出具非合理性意見:不適用
22.會計師事務所名稱:
不適用
23.會計師姓名:
不適用
24.會計師開業證書字號:
不適用
25.是否涉及營運模式變更:否
26.營運模式變更說明:
不適用
27.過去一年及預計未來一年內與交易相對人交易情形:
不適用
28.資金來源:
營運資金
29.前已就同一件事件發布重大訊息日期: 不適用
30.其他敘明事項:
無",上市,,,,2026-10-05,2026-10-07 00:34:06,d2dac69adc52718c4077cf681e12c934
1151006,1151005,170747,2603,長榮,公告本公司受邀參加永豐金證券舉辦之法人說明會,第12款,1151008,"符合條款第四條第XX款：12
事實發生日：115/10/08
1.召開法人說明會之日期：115/10/08
2.召開法人說明會之時間：15 時 00 分 
3.召開法人說明會之地點：張榮發基金會國際會議中心11樓(台北市中正區中山南路11號11樓)
4.法人說明會擇要訊息：受邀參加永豐金證券舉辦之法說會，說明本公司之營運概況。
5.其他應敘明事項：欲參加者需事先報名，請洽永豐金鄒小姐 (02)23828166或E-MAIL: ECM@sinopac.com
完整財務業務資訊請至公開資訊觀測站之法人說明會一覽表或法說會項目下查閱。",上市,,,,2026-10-05,2026-10-07 00:34:06,6831ec52022b60763caaf416243d111c
1151006,1151005,171018,8404,百和興業-KY,公告本公司115年9月份自結合併營收概算,第51款,1151005,"1.事實發生日:115/10/05
2.公司名稱:百和興業股份有限公司
3.與公司關係(請輸入本公司或子公司):本公司
4.相互持股比例:不適用。
5.發生緣由:公告本公司115年9月份自結合併營收概算。
(1)本公司115年9月份自結合併營收新台幣 731,592仟元，
   較114年同期數新台幣 703,451仟元增加 4.00%。
(2)本公司115年1至9月累計自結合併營收新台幣 5,955,434仟元，
   較114年同期累計數新台幣 5,743,434仟元增加 3.69%。
(3)前述115年各項數字係本公司自結數，尚未經會計師查核(核閱)。
6.因應措施:無。
7.其他應敘明事項(若事件發生或決議之主體係屬公開發行以上公司，本則重大訊息同時
  符合證券交易法施行細則第7條第9款所定對股東權益或證券價格有重大影響之事項):無。",上市,,,,2026-10-05,2026-10-07 00:34:06,35f7dcc43cccd21115987e91cd35ff7e
1151006,1151005,171025,2646,星宇航空,"公告本公司出售A330-900型客機之相關訊息
(補充公告第二架出售損益)",第20款,1151005,"1.標的物之名稱及性質（如坐落台中市北區ＸＸ段ＸＸ小段土地）:
A330-900型客機
2.事實發生日:115/10/5~115/10/5
3.董事會通過日期: 民國115年5月12日
4.其他核決日期: 不適用
5.交易單位數量（如ＸＸ平方公尺，折合ＸＸ坪）、每單位價格及交易總金額:
本次補充公告第2架處分利益，剩餘1架價格金額未定，將於交付後另行公告。
交易單位數量： 3架A330-900型客機
每單位價格： 每架A330-900型客機交易金額不超過美金1.15億元
交易總金額： 不超過美金3.45億元
6.交易相對人及其與公司之關係（交易相對人如屬自然人，且非公司之關
係人者，得免揭露其姓名）:
交易相對人：一銀租賃股份有限公司及台新大安租賃股份有限公司
與公司之關係：無
7.交易相對人為關係人者，並應公告選定關係人為交易對象之原因及前次移轉之
所有人、前次移轉之所有人與公司及交易相對人間相互之關係、前次移轉日期
及移轉金額:
不適用
8.交易標的最近五年內所有權人曾為公司之關係人者，尚應公告關係
人之取得及處分日期、價格及交易當時與公司之關係:
不適用
9.預計處分利益（或損失）（取得資產者不適用）（遞延者應列表說明
認列情形）:
第二架A330-900型客機，處分利益約新臺幣1.5億元。
10.交付或付款條件（含付款期間及金額）、契約限制條款及其他重要約定
事項:
交付或付款條件：依據合約
契約限制條款及其他重要約定事項：無
11.本次交易之決定方式（如招標、比價或議價）、價格決定之參考依據及
決策單位:
本次交易之決定方式：議價
價格決定之參考依據：市場價格
決策單位：董事會
12.專業估價者事務所或公司名稱及其估價金額:
不適用
13.專業估價師姓名:
不適用
14.專業估價師開業證書字號:
不適用
15.估價報告是否為限定價格、特定價格或特殊價格:否或不適用
16.是否尚未取得估價報告:否或不適用
17.尚未取得估價報告之原因:
不適用
18.估價結果有重大差異時，其差異原因及會計師意見:
不適用
19.會計師事務所名稱:
不適用
20.會計師姓名:
不適用
21.會計師開業證書字號:
不適用
22.經紀人及經紀費用:
不適用
23.取得或處分之具體目的或用途:
營運需求
24.本次交易表示異議之董事之意見:
無
25.本次交易為關係人交易:否
26.監察人承認或審計委員會同意日期:
民國 115年 5月 12日
27.本次交易係向關係人取得不動產或其使用權資產:否
28.依「公開發行公司取得或處分資產處理準則」第十六條規定
評估之價格:不適用
29.依前項評估之價格較交易價格為低者，依同準則第十七條規
定評估之價格:不適用
30.前已就同一件事件發布重大訊息日期:
115年 8月 13日
31.其他敘明事項:
無",上市,,,,2026-10-05,2026-10-07 00:34:06,57521c4e19aa07e2e5bd6fcae7cdb91b
1151006,1151005,171321,4960,誠美材,本公司董事會決議115年上半年度不分派股利,第14款,1151005,"1. 董事會決議日期：115/10/05
2. 股利所屬年(季)度：115年 上半年
3. 股利所屬期間：115/01/01 至 115/06/30
4. 股東配發內容：
　(1)盈餘分配之現金股利(元/股)：0
　(2)法定盈餘公積發放之現金(元/股)：0
　(3)資本公積發放之現金(元/股)：0
　(4)股東配發之現金(股利)總金額(元)：0
　(5)盈餘轉增資配股(元/股)：0
　(6)法定盈餘公積轉增資配股(元/股)：0
　(7)資本公積轉增資配股(元/股)：0
　(8)股東配股總股數(股)：0
5. 其他應敘明事項：
無
6. 普通股每股面額欄位：新台幣10.0000元",上市,,,,2026-10-05,2026-10-07 00:34:06,ccff9f04f8d8f9d84568a755adf18046
1151006,1151005,171533,2535,達欣工,"代子公司達欣開發(股)公司公告一年內累積處分同一開發計畫不動產
達新台幣伍億元",第20款,1151005,"1.標的物之名稱及性質（如坐落台中市北區ＸＸ段ＸＸ小段土地）:
桃園市桃園區三民段50、51、52地號土地
預售建案名稱：大河吾疆
2.事實發生日:115/9/4~115/10/5
3.董事會通過日期: 不適用
4.其他核決日期:
核決層級:依公司核決權限
民國115年10月05日
5.交易單位數量（如ＸＸ平方公尺，折合ＸＸ坪）、每單位價格及交易總金額:
交易單位數量：約3,534.48平方公尺(約1,069.18坪)
交易總金額：約新台幣789,400仟元(其中子公司達欣開發佔65%為513,110仟元)
6.交易相對人及其與公司之關係（交易相對人如屬自然人，且非公司之關
係人者，得免揭露其姓名）:
交易相對人為自然人，非本公司之關係人。
7.交易相對人為關係人者，並應公告選定關係人為交易對象之原因及前次移轉之
所有人、前次移轉之所有人與公司及交易相對人間相互之關係、前次移轉日期
及移轉金額:
不適用
8.交易標的最近五年內所有權人曾為公司之關係人者，尚應公告關係
人之取得及處分日期、價格及交易當時與公司之關係:
不適用
9.預計處分利益（或損失）（取得資產者不適用）（遞延者應列表說明
認列情形）:
本案為預售，實際處分利益須於全案銷售完成結算後為主。
10.交付或付款條件（含付款期間及金額）、契約限制條款及其他重要約定
事項:
交付或付款條件：依銷售合約之付款明細表收取
11.本次交易之決定方式（如招標、比價或議價）、價格決定之參考依據及
決策單位:
本次交易之決定方式：參考建案售價表議定之
12.專業估價者事務所或公司名稱及其估價金額:
不適用
13.專業估價師姓名:
不適用
14.專業估價師開業證書字號:
不適用
15.估價報告是否為限定價格、特定價格或特殊價格:否或不適用
16.是否尚未取得估價報告:否或不適用
17.尚未取得估價報告之原因:
不適用
18.估價結果有重大差異時，其差異原因及會計師意見:
不適用
19.會計師事務所名稱:
不適用
20.會計師姓名:
不適用
21.會計師開業證書字號:
不適用
22.經紀人及經紀費用:
不適用
23.取得或處分之具體目的或用途:
營業項目內建案房地銷售
24.本次交易表示異議之董事之意見:
不適用
25.本次交易為關係人交易:否
26.監察人承認或審計委員會同意日期:
不適用
27.本次交易係向關係人取得不動產或其使用權資產:否
28.依「公開發行公司取得或處分資產處理準則」第十六條規定
評估之價格:不適用
29.依前項評估之價格較交易價格為低者，依同準則第十七條規
定評估之價格:不適用
30.前已就同一件事件發布重大訊息日期: 不適用
31.其他敘明事項:
依共同投資興建契約書約定，子公司達欣開發佔65%，瑞德開發佔35%。",上市,,,,2026-10-05,2026-10-07 00:34:06,3c2851c532a7a31a8b192a5bb26cf62c
1151006,1151005,172041,2354,鴻準,公告本公司買回股份金額達新台幣三億元以上,第35款,1151005,"1.本次買回股份數量累積達公司已發行股份總額百分之二或金額達新台幣三億元以上之日期:115/10/05
2.本次買回股份數量(股):5,000,000
3.本次買回股份總金額(元):318,652,531
4.本次平均每股買回價格(元):63.73
5.於買回期間內累積已持有自己公司股份數量(股):5,000,000
6.於買回期間內累積已持有自己公司股份數量占公司已發行股份總數之比率(%):0.3535
7.其他應敘明事項:
無",上市,,,,2026-10-05,2026-10-07 00:34:06,ef04f3f3fa3c8eb21ffd1be5f49be755
1151006,1151005,172128,2354,鴻準,公告本公司買回庫藏股執行完畢,第35款,1151005,"1.原預定買回股份總金額上限(元):93,996,761,474
2.原預定買回之期間:115/08/07~115/10/05
3.原預定買回之數量(股):5,000,000
4.原預定買回區間價格(元):50.00~83.00
5.本次實際買回期間:115/08/11~115/10/05
6.本次已買回股份數量(股):5,000,000
7.本次已買回股份總金額(元):318,652,531
8.本次平均每股買回價格(元):63.73
9.累積已持有自己公司股份數量(股):5,000,000
10.累積已持有自己公司股份數量占公司已發行股份總數之比率(%):0.35
11.本次未執行完畢之原因:

12.其他應敘明事項:
無",上市,,,,2026-10-05,2026-10-07 00:34:06,06732c766c92afdc81120913ec525674
1151006,1151005,172823,6239,力成,本公司訂購機器設備公告,第20款,1151005,"1.標的物之名稱及性質（如坐落台中市北區ＸＸ段ＸＸ小段土地）:
封裝設備及其零配件。
2.事實發生日:115/3/2~115/10/5
3.董事會通過日期: 不適用
4.其他核決日期:
核決層級:董事長
民國115年10月5日
5.交易單位數量（如ＸＸ平方公尺，折合ＸＸ坪）、每單位價格及交易總金額:
一批；交易總金額：新台幣559,736,000元。
6.交易相對人及其與公司之關係（交易相對人如屬自然人，且非公司之關
係人者，得免揭露其姓名）:
東捷科技股份有限公司；與公司關係：無。
7.交易相對人為關係人者，並應公告選定關係人為交易對象之原因及前次移轉之
所有人、前次移轉之所有人與公司及交易相對人間相互之關係、前次移轉日期
及移轉金額:
不適用。
8.交易標的最近五年內所有權人曾為公司之關係人者，尚應公告關係
人之取得及處分日期、價格及交易當時與公司之關係:
不適用。
9.預計處分利益（或損失）（取得資產者不適用）（遞延者應列表說明
認列情形）:
不適用。
10.交付或付款條件（含付款期間及金額）、契約限制條款及其他重要約定
事項:
付款條件依採購合約(採購單)所示支付。
11.本次交易之決定方式（如招標、比價或議價）、價格決定之參考依據及
決策單位:
依公司採購相關辦法程序進行比價及議價，經權責主管核准後進行採購。
12.專業估價者事務所或公司名稱及其估價金額:
不適用。
13.專業估價師姓名:
不適用。
14.專業估價師開業證書字號:
不適用。
15.估價報告是否為限定價格、特定價格或特殊價格:否或不適用
16.是否尚未取得估價報告:是
17.尚未取得估價報告之原因:
不適用。
18.估價結果有重大差異時，其差異原因及會計師意見:
不適用。
19.會計師事務所名稱:
不適用。
20.會計師姓名:
不適用。
21.會計師開業證書字號:
不適用。
22.經紀人及經紀費用:
不適用。
23.取得或處分之具體目的或用途:
供營運生產使用。
24.本次交易表示異議之董事之意見:
不適用。
25.本次交易為關係人交易:否
26.監察人承認或審計委員會同意日期:
不適用。
27.本次交易係向關係人取得不動產或其使用權資產:否
28.依「公開發行公司取得或處分資產處理準則」第十六條規定
評估之價格:不適用
29.依前項評估之價格較交易價格為低者，依同準則第十七條規
定評估之價格:不適用
30.前已就同一件事件發布重大訊息日期: 不適用
31.其他敘明事項:
無。",上市,,,,2026-10-05,2026-10-07 00:34:06,e1528b806b88fa99b419c138b5596914
1151006,1151005,172842,2882,國泰金,"本公司代子公司國泰人壽公告取得
Coatue Growth VI Offshore Feeder Fund LP",第20款,1151005,"1.標的物之名稱及性質（屬特別股者，並應標明特別股約定發行條件，如股息率等）:
Coatue Growth VI Offshore Feeder Fund LP
私募基金
2.事實發生日:115/10/5~115/10/5
3.董事會通過日期: 不適用
4.其他核決日期:
核決層級:資深副總經理
民國115年10月5日
5.交易單位數量、每單位價格及交易總金額:
(1)Coatue Growth VI Offshore Feeder Fund LP為合夥組織，
無交易數量及單位交易價格；
(2)認購總金額不超過20,000,000美元
6.交易相對人及其與公司之關係（交易相對人如屬自然人，且非公司之
關係人者，得免揭露其姓名）:
(1)Coatue Management, L.L.C.
(2)不適用。
7.交易相對人為關係人者，並應公告選定關係人為交易對象之原因及前次移
轉之所有人、前次移轉之所有人與公司及交易相對人間相互之關係、前次
移轉日期及移轉金額:
不適用
8.交易標的最近五年內所有權人曾為公司之關係人者，尚應公告關係人之取
得及處分日期、價格及交易當時與公司之關係:
不適用
9.本次係處分債權之相關事項（含處分之債權附隨擔保品種類、處分債權
如有屬對關係人債權者尚需公告關係人名稱及本次處分該關係人之債權
帳面金額:
不適用
10.處分利益（或損失）（取得有價證券者不適用）（遞延者應列表說明
認列情形）:
不適用
11.交付或付款條件（含付款期間及金額）、契約限制條款及其他重要約定
事項:
(1)依基金撥款通知逐次給付。 (2)依據基金合約約定。
12.本次交易之決定方式、價格決定之參考依據及決策單位:
(1)參與認購新設基金。(2)合夥組織基金無單位價格。(3)依本公司核決權限。
13.取得或處分有價證券標的公司每股淨值:
不適用
14.迄目前為止，累積持有本交易證券（含本次交易）之數量、金額、持股
比例及權利受限情形（如質押情形）:
(1)基金為合夥組織，無交易數量；(2)不超過20,000,000美元；
(3)約0.53%以內；(4)無
15.迄目前為止，依「公開發行公司取得或處分資產處理準則」第三條所列
之有價證券投資（含本次交易）占公司最近期財務報表中總資產及歸屬
於母公司業主之權益之比例暨最近期財務報表中營運資金數額:
(1)占總資產比率：72.55%；(2)占股東權益比率：698.70%；
(3)最近期財務報告營運資金為新台幣1,526.14億元
16.經紀人及經紀費用:
不適用
17.取得或處分之具體目的或用途:
依保險法之規定,為壽險資金之運用。
18.本次交易表示異議董事之意見:
無
19.本次交易為關係人交易:否
20.監察人承認或審計委員會同意日期:
不適用
21.本次交易會計師出具非合理性意見:否
22.會計師事務所名稱:
誠品聯合會計師事務所
23.會計師姓名:
賴明陽
24.會計師開業證書字號:
北市會證字第二一二三號
25.是否涉及營運模式變更:否
26.營運模式變更說明:
不適用
27.過去一年及預計未來一年內與交易相對人交易情形:
不適用
28.資金來源:
保險業可運用資金
29.前已就同一件事件發布重大訊息日期: 不適用
30.其他敘明事項:
USD:TWD=1:31.83",上市,,,,2026-10-05,2026-10-07 00:34:06,d70031cd26555dcd596fd49eca3edaaa
1151006,1151005,173603,2323,中環,公告本公司取得有價證券,第20款,1151005,"1.證券名稱:
奇鋐 普通股
2.交易日期:115/5/15~115/10/5
3.董事會通過日期: 不適用
4.其他核決日期:
核決層級:董事長核決
民國115年10月05日
5.交易數量、每單位價格及交易總金額:
交易數量（仟股）：117
每單位價格（元）：2,802.02
交易總金額（元）：327,836,226
6.處分利益（或損失）（取得有價證券者不適用）:
不適用
7.與交易標的公司之關係:
無
8.迄目前為止，累積持有本交易證券（含本次交易）之數量、金額、持股
比例及權利受限情形（如質押情形）:
持有餘額:8,000股、金額:27,417,973元    
持股比例:0.002%、權利受限情形: 無
9.迄目前為止，依「公開發行公司取得或處分資產處理準則」第三條所列之有價證券投
資（含本次交易）占公司最近期財務報表中總資產及歸屬於母公司業主之權益之比例
暨最近期財務報表中營運資金數額:
占總資產比例:82.44%
占歸屬於母公司業主之權益比例:110.84%
營運資金數額:8,285,327仟元
10.取得或處分之具體目的:
投資組合
11.本次交易表示異議董事之意見:
無
12.本次交易為關係人交易:
否
13.交易相對人及其與公司之關係:
不適用
14.監察人承認或審計委員會同意日期:
不適用
15.前已就同一件事件發布重大訊息日期: 不適用
16.其他敘明事項:
已於115/09/30授權有權交易人在115年第四季期間，得於集中交易市場進行有價證券交易",上市,,,,2026-10-05,2026-10-07 00:34:06,528801fa3b31f20d0e17cc4bc39e5ee2
1151006,1151005,173716,2323,中環,公告本公司處分有價證券,第20款,1151005,"1.證券名稱:
南亞科 普通股
2.交易日期:115/9/30~115/10/5
3.董事會通過日期: 不適用
4.其他核決日期:
核決層級:董事長核決
民國115年10月05日
5.交易數量、每單位價格及交易總金額:
交易數量（仟股）：580
每單位價格（元）：518.67
交易總金額（元）：300,831,311
6.處分利益（或損失）（取得有價證券者不適用）:
處分利益13,715,518元
7.與交易標的公司之關係:
無
8.迄目前為止，累積持有本交易證券（含本次交易）之數量、金額、持股
比例及權利受限情形（如質押情形）:
持有餘額:874,000股、金額:430,485,254元    
持股比例:0.03%、權利受限情形: 無
9.迄目前為止，依「公開發行公司取得或處分資產處理準則」第三條所列之有價證券投
資（含本次交易）占公司最近期財務報表中總資產及歸屬於母公司業主之權益之比例
暨最近期財務報表中營運資金數額:
占總資產比例:82.44%
占歸屬於母公司業主之權益比例:110.84%
營運資金數額:8,285,327仟元
10.取得或處分之具體目的:
投資組合
11.本次交易表示異議董事之意見:
無
12.本次交易為關係人交易:
否
13.交易相對人及其與公司之關係:
不適用
14.監察人承認或審計委員會同意日期:
不適用
15.前已就同一件事件發布重大訊息日期: 不適用
16.其他敘明事項:
已於115/09/30授權有權交易人在115年第四季期間，得於集中交易市場進行有價證券交易",上市,,,,2026-10-05,2026-10-07 00:34:06,c1f8a3cd786042b00fdf8c8a6f505214
1151006,1151005,174724,6515,穎崴,本公司向銓興營造股份有限公司取得供營業用之廠務工程,第20款,1151005,"1.契約種類:租地委建
2.事實發生日:115/5/29~115/10/5
3.董事會通過日期: 民國115年2月25日
4.其他核決日期: 不適用
5.契約相對人及其與公司之關係:
契約相對人：銓興營造股份有限公司；非關係人
與公司之關係：無
6.契約主要內容（含契約總金額、預計參與投入之金額及契約起迄日期）
、限制條款及其他重要約定事項:
累積契約總金額：新台幣1,055,355,000元(含稅)
限制條款及其他重要約定事項：無。
7.專業估價者事務所或公司名稱及其估價結果:
不適用
8.不動產估價師姓名:
不適用
9.不動產估價師開業證書字號:
不適用
10.取得之具體目的:
擴充產能
11.本次交易表示異議之董事意見:
無
12.本次交易為關係人交易:否
13.監察人承認或審計委員會同意日期:
民國115年2月25日
14.估價報告是否為限定價格、特定價格或特殊價格:否或不適用
15.是否尚未取得估價報告:否或不適用
16.尚未取得估價報告之原因:
不適用
17.估價結果有重大差異時，其差異原因及會計師意見:
不適用
18.會計師事務所名稱:
不適用
19.會計師姓名:
不適用
20.會計師開業證書字號:
不適用
21.前已就同一件事件發布重大訊息日期: 不適用
22.其他敘明事項:
本次簽署之廠務工程合約係115年2月25日董事會決議通過之
仁武產業園區租地自建擴廠案。",上市,,,,2026-10-05,2026-10-07 00:34:06,334291d368a8ff602ae2cf72847e7d22
1151006,1151005,181254,3711,日月光投控,代子公司矽品精密工業(股)公司公告取得營業用機器設備達十億元,第20款,1151005,"1.標的物之名稱及性質（如坐落台中市北區ＸＸ段ＸＸ小段土地）:
營業用機器設備
2.事實發生日:115/9/9~115/10/5
3.董事會通過日期: 不適用
4.其他核決日期:
核決層級:總經理核決
民國115年10月5日
5.交易單位數量（如ＸＸ平方公尺，折合ＸＸ坪）、每單位價格及交易總金額:
取得7批，
每批平均單價：NTD 289,547,857元，
交易總金額：NTD 2,026,835,000元。
6.交易相對人及其與公司之關係（交易相對人如屬自然人，且非公司之關
係人者，得免揭露其姓名）:
交易相對人：盟立自動化股份有限公司； 
與公司之關係：無
7.交易相對人為關係人者，並應公告選定關係人為交易對象之原因及前次移轉之
所有人、前次移轉之所有人與公司及交易相對人間相互之關係、前次移轉日期
及移轉金額:
不適用
8.交易標的最近五年內所有權人曾為公司之關係人者，尚應公告關係
人之取得及處分日期、價格及交易當時與公司之關係:
不適用
9.預計處分利益（或損失）（取得資產者不適用）（遞延者應列表說明
認列情形）:
不適用
10.交付或付款條件（含付款期間及金額）、契約限制條款及其他重要約定
事項:
電匯。
契約限制條款：無。
其他重要約定事項：無。
11.本次交易之決定方式（如招標、比價或議價）、價格決定之參考依據及
決策單位:
交易決定方式：比價/議價。
價格決定之參考依據：參考歷年交易資料和市場行情。
決策單位：依公司內部核決權限決定。
12.專業估價者事務所或公司名稱及其估價金額:
不適用
13.專業估價師姓名:
不適用
14.專業估價師開業證書字號:
不適用
15.估價報告是否為限定價格、特定價格或特殊價格:否或不適用
16.是否尚未取得估價報告:否或不適用
17.尚未取得估價報告之原因:
不適用
18.估價結果有重大差異時，其差異原因及會計師意見:
不適用
19.會計師事務所名稱:
不適用
20.會計師姓名:
不適用
21.會計師開業證書字號:
不適用
22.經紀人及經紀費用:
無
23.取得或處分之具體目的或用途:
營業用途
24.本次交易表示異議之董事之意見:
無
25.本次交易為關係人交易:否
26.監察人承認或審計委員會同意日期:
不適用
27.本次交易係向關係人取得不動產或其使用權資產:否
28.依「公開發行公司取得或處分資產處理準則」第十六條規定
評估之價格:不適用
29.依前項評估之價格較交易價格為低者，依同準則第十七條規
定評估之價格:不適用
30.前已就同一件事件發布重大訊息日期: 不適用
31.其他敘明事項:
無",上市,,,,2026-10-05,2026-10-07 00:34:06,9d4a8cbf7d554840e99b50af84e5e2b6
1151006,1151005,181406,3711,日月光投控,代子公司矽品精密工業(股)公司公告取得廠務工程,第20款,1151005,"1.契約種類:廠務工程
2.事實發生日:115/10/1~115/10/5
3.董事會通過日期: 不適用
4.其他核決日期:
核決層級:總經理核決
民國115年10月5日
5.契約相對人及其與公司之關係:
聖暉工程科技股份有限公司，
與公司關係：無
6.契約主要內容（含契約總金額、預計參與投入之金額及契約起迄日期）
、限制條款及其他重要約定事項:
總金額：NTD 4,020,750,000；
契約起迄日期：115年10月1日至117年9月30日；
限制條款及其他重要約定事項：無
7.專業估價者事務所或公司名稱及其估價結果:
不適用
8.不動產估價師姓名:
不適用
9.不動產估價師開業證書字號:
不適用
10.取得之具體目的:
供生產及營運用
11.本次交易表示異議之董事意見:
無
12.本次交易為關係人交易:否
13.監察人承認或審計委員會同意日期:
不適用
14.估價報告是否為限定價格、特定價格或特殊價格:否或不適用
15.是否尚未取得估價報告:否或不適用
16.尚未取得估價報告之原因:
不適用
17.估價結果有重大差異時，其差異原因及會計師意見:
不適用
18.會計師事務所名稱:
不適用
19.會計師姓名:
不適用
20.會計師開業證書字號:
不適用
21.前已就同一件事件發布重大訊息日期: 不適用
22.其他敘明事項:
無",上市,,,,2026-10-05,2026-10-07 00:34:06,ccdab0be9bb6f0bfbad94efa9795fd1a
1151006,1151005,181515,3711,日月光投控,代子公司矽品精密工業(股)公司公告取得廠務工程,第20款,1151005,"1.契約種類:廠務工程
2.事實發生日:115/8/7~115/10/5
3.董事會通過日期: 不適用
4.其他核決日期:
核決層級:總經理核決
民國115年10月5日
5.契約相對人及其與公司之關係:
聯純科技股份有限公司，
與公司關係：無
6.契約主要內容（含契約總金額、預計參與投入之金額及契約起迄日期）
、限制條款及其他重要約定事項:
總金額：NTD 966,857,500；
契約起迄日期：115年8月7日至117年9月30日；
限制條款及其他重要約定事項：無
7.專業估價者事務所或公司名稱及其估價結果:
不適用
8.不動產估價師姓名:
不適用
9.不動產估價師開業證書字號:
不適用
10.取得之具體目的:
供生產及營運用
11.本次交易表示異議之董事意見:
無
12.本次交易為關係人交易:否
13.監察人承認或審計委員會同意日期:
不適用
14.估價報告是否為限定價格、特定價格或特殊價格:否或不適用
15.是否尚未取得估價報告:否或不適用
16.尚未取得估價報告之原因:
不適用
17.估價結果有重大差異時，其差異原因及會計師意見:
不適用
18.會計師事務所名稱:
不適用
19.會計師姓名:
不適用
20.會計師開業證書字號:
不適用
21.前已就同一件事件發布重大訊息日期: 不適用
22.其他敘明事項:
無",上市,,,,2026-10-05,2026-10-07 00:34:06,48698e86870a2d57478ddd7087e336ef
1151006,1151005,181559,3711,日月光投控,代子公司矽品精密工業(股)公司公告取得廠務工程,第20款,1151005,"1.契約種類:廠務工程
2.事實發生日:115/8/10~115/10/5
3.董事會通過日期: 不適用
4.其他核決日期:
核決層級:總經理核決
民國115年10月5日
5.契約相對人及其與公司之關係:
漢華水處理工程股份有限公司，
與公司關係：無
6.契約主要內容（含契約總金額、預計參與投入之金額及契約起迄日期）
、限制條款及其他重要約定事項:
總金額：NTD 952,990,000；
契約起迄日期：115年8月10日至117年9月30日；
限制條款及其他重要約定事項：無
7.專業估價者事務所或公司名稱及其估價結果:
不適用
8.不動產估價師姓名:
不適用
9.不動產估價師開業證書字號:
不適用
10.取得之具體目的:
供生產及營運用
11.本次交易表示異議之董事意見:
無
12.本次交易為關係人交易:否
13.監察人承認或審計委員會同意日期:
不適用
14.估價報告是否為限定價格、特定價格或特殊價格:否或不適用
15.是否尚未取得估價報告:否或不適用
16.尚未取得估價報告之原因:
不適用
17.估價結果有重大差異時，其差異原因及會計師意見:
不適用
18.會計師事務所名稱:
不適用
19.會計師姓名:
不適用
20.會計師開業證書字號:
不適用
21.前已就同一件事件發布重大訊息日期: 不適用
22.其他敘明事項:
無",上市,,,,2026-10-05,2026-10-07 00:34:06,4eb452af6ada801f49b23f82c986ed27
1151006,1151005,182006,3711,日月光投控,代子公司矽品精密工業(股)公司公告取得廠務工程,第20款,1151005,"1.契約種類:廠務工程
2.事實發生日:115/6/29~115/10/5
3.董事會通過日期: 不適用
4.其他核決日期:
核決層級:總經理核決
民國115年10月5日
5.契約相對人及其與公司之關係:
康呈科技工程股份有限公司，
與公司關係：無
6.契約主要內容（含契約總金額、預計參與投入之金額及契約起迄日期）
、限制條款及其他重要約定事項:
總金額：NTD 615,325,000；
契約起迄日期：115年6月29日至117年9月30日；
限制條款及其他重要約定事項：無
7.專業估價者事務所或公司名稱及其估價結果:
不適用
8.不動產估價師姓名:
不適用
9.不動產估價師開業證書字號:
不適用
10.取得之具體目的:
供生產及營運用
11.本次交易表示異議之董事意見:
無
12.本次交易為關係人交易:否
13.監察人承認或審計委員會同意日期:
不適用
14.估價報告是否為限定價格、特定價格或特殊價格:否或不適用
15.是否尚未取得估價報告:否或不適用
16.尚未取得估價報告之原因:
不適用
17.估價結果有重大差異時，其差異原因及會計師意見:
不適用
18.會計師事務所名稱:
不適用
19.會計師姓名:
不適用
20.會計師開業證書字號:
不適用
21.前已就同一件事件發布重大訊息日期: 不適用
22.其他敘明事項:
無",上市,,,,2026-10-05,2026-10-07 00:34:06,38731fb958c5c18d1bc1e3104b0f7a42
1151006,1151005,182100,7823,奧義賽博-KY創,公告本公司獨立董事辭任,第6款,1151005,"1.發生變動日期:115/10/05
2.選任或變動人員別（請輸入法人董事、法人監察人、獨立董事、自然人董事
  或自然人監察人）:獨立董事
3.舊任者職稱、姓名及國籍:獨立董事、左瑞麟、中華民國
4.舊任者簡歷:本公司獨立董事
5.新任者職稱、姓名及國籍:不適用
6.新任者簡歷:不適用
7.異動情形（請輸入「辭職」、「解任」、「任期屆滿」、「逝世」或「新任」）:辭職
8.異動原因:因現職工作規範，辭任本公司獨立董事
9.新任者選任時持股數:不適用
10.原任期（例xx/xx/xx ~ xx/xx/xx）:113/12/24~116/12/23
11.新任生效日期:不適用
12.同任期董事變動比率:1/7
13.同任期獨立董事變動比率:1/4
14.同任期監察人變動比率:不適用
15.屬三分之一以上董事發生變動(請輸入是或否):否
16.異動後於中華民國設有戶籍之董事席次未逾現有董事二分之一(請輸入是或否，
如「是」，請說明原因及因應措施):否
17.異動後獨立董事於中華民國設有戶籍人數少於2人(請輸入是或否，如「是」，
請說明因應措施):否
18.其他應敘明事項:本公司將依法辦理獨立董事改選事宜，屆時將另行公告。",上市,,,,2026-10-05,2026-10-07 00:34:06,9097ac10b527c1ba04272fcc7ad11ae7
1151006,1151005,182126,7823,奧義賽博-KY創,公告本公司獨立董事辭任功能性委員會職務,第6款,1151005,"1.發生變動日期:115/10/05
2.功能性委員會名稱:薪資報酬委員會、審計委員會
3.舊任者姓名:左瑞麟
4.舊任者簡歷:本公司獨立董事
5.新任者姓名:不適用
6.新任者簡歷:不適用
7.異動情形（請輸入「辭職」、「解任」、「任期屆滿」、「逝世」或「新任」）:辭職
8.異動原因:因現職工作規範，辭任本公司獨立董事
9.原任期（例xx/xx/xx ~ xx/xx/xx）:113/12/24~116/12/23
10.新任生效日期:不適用
11.其他應敘明事項:本公司將依法辦理獨立董事改選事宜，屆時將另行公告。",上市,,,,2026-10-05,2026-10-07 00:34:06,f890aa12bbd872c904d1801dee91d3a8
1151006,1151005,182323,3711,日月光投控,代子公司矽品精密工業(股)公司公告取得廠務工程,第20款,1151005,"1.契約種類:廠務工程
2.事實發生日:115/6/15~115/10/5
3.董事會通過日期: 不適用
4.其他核決日期:
核決層級:總經理核決
民國115年10月5日
5.契約相對人及其與公司之關係:
柏揚系統科技股份有限公司，
與公司關係：無
6.契約主要內容（含契約總金額、預計參與投入之金額及契約起迄日期）
、限制條款及其他重要約定事項:
總金額：NTD 516,038,000；
契約起迄日期：115年6月15日至117年9月30日；
限制條款及其他重要約定事項：無
7.專業估價者事務所或公司名稱及其估價結果:
不適用
8.不動產估價師姓名:
不適用
9.不動產估價師開業證書字號:
不適用
10.取得之具體目的:
供生產及營運用
11.本次交易表示異議之董事意見:
無
12.本次交易為關係人交易:否
13.監察人承認或審計委員會同意日期:
不適用
14.估價報告是否為限定價格、特定價格或特殊價格:否或不適用
15.是否尚未取得估價報告:否或不適用
16.尚未取得估價報告之原因:
不適用
17.估價結果有重大差異時，其差異原因及會計師意見:
不適用
18.會計師事務所名稱:
不適用
19.會計師姓名:
不適用
20.會計師開業證書字號:
不適用
21.前已就同一件事件發布重大訊息日期: 不適用
22.其他敘明事項:
無",上市,,,,2026-10-05,2026-10-07 00:34:06,0c84497869591a0ea90b8cab5525c494
1151006,1151005,182606,3711,日月光投控,代子公司矽品精密工業(股)公司公告取得廠務工程,第20款,1151005,"1.契約種類:廠務工程
2.事實發生日:115/10/2~115/10/5
3.董事會通過日期: 不適用
4.其他核決日期:
核決層級:總經理核決
民國115年10月5日
5.契約相對人及其與公司之關係:
中源機電顧問股份有限公司，
與公司關係：無
6.契約主要內容（含契約總金額、預計參與投入之金額及契約起迄日期）
、限制條款及其他重要約定事項:
總金額：NTD 2,322,107,450；
契約起迄日期：115年10月2日至117年9月30日；
限制條款及其他重要約定事項：無
7.專業估價者事務所或公司名稱及其估價結果:
不適用
8.不動產估價師姓名:
不適用
9.不動產估價師開業證書字號:
不適用
10.取得之具體目的:
供生產及營運用
11.本次交易表示異議之董事意見:
無
12.本次交易為關係人交易:否
13.監察人承認或審計委員會同意日期:
不適用
14.估價報告是否為限定價格、特定價格或特殊價格:否或不適用
15.是否尚未取得估價報告:否或不適用
16.尚未取得估價報告之原因:
不適用
17.估價結果有重大差異時，其差異原因及會計師意見:
不適用
18.會計師事務所名稱:
不適用
19.會計師姓名:
不適用
20.會計師開業證書字號:
不適用
21.前已就同一件事件發布重大訊息日期: 不適用
22.其他敘明事項:
無",上市,,,,2026-10-05,2026-10-07 00:34:06,9e56496df8f2cb75b4e6a87fdcf1debd
1151006,1151005,185646,5534,長虹,公告本公司出售不動產予關係人,第20款,1151005,"1.標的物之名稱及性質（如坐落台中市北區ＸＸ段ＸＸ小段土地）:
新北市林口區文化三路二段「長虹雲創科技商務大樓」辦公室3戶及其地下層停車位3位。
2.事實發生日:115/10/5~115/10/5
3.董事會通過日期: 不適用
4.其他核決日期:
核決層級:董事長
民國115年10月5日
5.交易單位數量（如ＸＸ平方公尺，折合ＸＸ坪）、每單位價格及交易總金額:
交易數量：
A君1戶：建物面積52.44坪外加1車位，交易總金額計新台幣30,580仟元。
B君1戶：建物面積52.44坪外加1車位，交易總金額計新台幣29,890仟元。
C君1戶：建物面積29.70坪外加1車位，交易總金額計新台幣19,050仟元。
6.交易相對人及其與公司之關係（交易相對人如屬自然人，且非公司之關
係人者，得免揭露其姓名）:
A君、B君、C君三人皆為自然人，且均為本公司董事之二親等親屬。
7.交易相對人為關係人者，並應公告選定關係人為交易對象之原因及前次移轉之
所有人、前次移轉之所有人與公司及交易相對人間相互之關係、前次移轉日期
及移轉金額:
不適用
8.交易標的最近五年內所有權人曾為公司之關係人者，尚應公告關係
人之取得及處分日期、價格及交易當時與公司之關係:
不適用
9.預計處分利益（或損失）（取得資產者不適用）（遞延者應列表說明
認列情形）:
本建案尚於銷售中，成交價係依售價表議定。
10.交付或付款條件（含付款期間及金額）、契約限制條款及其他重要約定
事項:
依合約約定收款。
11.本次交易之決定方式（如招標、比價或議價）、價格決定之參考依據及
決策單位:
交易決定方式：雙方議價決定；
價格決定之參考依據︰依據該建案售價表並參考市場行情議定；
決策單位：董事長。
12.專業估價者事務所或公司名稱及其估價金額:
不適用
13.專業估價師姓名:
不適用
14.專業估價師開業證書字號:
不適用
15.估價報告是否為限定價格、特定價格或特殊價格:否或不適用
16.是否尚未取得估價報告:否或不適用
17.尚未取得估價報告之原因:
不適用
18.估價結果有重大差異時，其差異原因及會計師意見:
不適用
19.會計師事務所名稱:
不適用
20.會計師姓名:
不適用
21.會計師開業證書字號:
不適用
22.經紀人及經紀費用:
依約定
23.取得或處分之具體目的或用途:
產品出售
24.本次交易表示異議之董事之意見:
不適用
25.本次交易為關係人交易:是
26.監察人承認或審計委員會同意日期:
本公司產品銷售，故不適用。
27.本次交易係向關係人取得不動產或其使用權資產:否
28.依「公開發行公司取得或處分資產處理準則」第十六條規定
評估之價格:不適用
29.依前項評估之價格較交易價格為低者，依同準則第十七條規
定評估之價格:不適用
30.前已就同一件事件發布重大訊息日期: 不適用
31.其他敘明事項:
無。",上市,,,,2026-10-05,2026-10-07 00:34:06,685d78c19f325d44b2cf4aac994813a8
1151006,1151005,191445,2352,佳世達,佳世達115年9月份自結合併營收,第51款,1151005,"1.事實發生日:115/10/05
2.公司名稱:佳世達科技股份有限公司
3.與公司關係(請輸入本公司或子公司):本公司
4.相互持股比例:不適用
5.發生緣由:公告本公司115年9月份自結合併營收
6.因應措施:不適用
7.其他應敘明事項(若事件發生或決議之主體係屬公開發行以上公司，本則重大訊息同時
  符合證券交易法施行細則第7條第9款所定對股東權益或證券價格有重大影響之事項):
  佳世達115年9月自結合併營收為新台幣197.57億元，
  較去年同期成長8.34%，較上月成長5.01%。
  累計115年1至9月合併營收為新台幣1,610.35億元，較去年同期成長3.40%。",上市,,,,2026-10-05,2026-10-07 00:34:06,4229a727686467914a375de6f6e86cb0
1151006,1151005,200142,1225,福懋油,"(補充115年8月24日重大訊息發生原委)
本公司於8月24日接獲臺灣臺中地方檢察署檢察官起訴書，並於
今日接獲臺灣基隆地方檢察署移送併辦意旨書",第2款,1151005,"1.法律事件之當事人:
(1)福懋油脂股份有限公司 代表人吳星澄
(2)總經理-張志賓
(3)資深經理-譚榮闓
2.法律事件之法院名稱或處分機關:臺灣基隆地方檢察署
3.法律事件之相關文書案號:115年度偵字第8080、8081號
4.事實發生日:115/10/05
5.發生原委(含爭訟標的):中聯油脂股份有限公司115年4月至6月間生產之沙拉油，
部份批次之苯駢芘數值超標，檢調單位提出本法律事件之當事人於知悉油品有苯駢芘
超標時未依《食品安全衛生管理法》第7條第5項規定處理(食品業者於發現產品有危害
衛生安全之虞時應即主動停止製造、加工、販賣及辦理回收，並通報主管機關)。
案經檢察官偵查終結，就自然人部份，依據刑法第55條規定，以涉犯食安法
第15條第1項第3款之販賣有害人體健康之物質食品罪嫌，業已依法提起公訴。
對福懋油脂股份有限公司依食安法第49條第5項規定科以同條第1、2項所定10倍以下
之罰金；並計算本公司之不法所得為1億8,390萬元。
另於115年10月05日接獲臺灣基隆地方檢察署移送併辦意旨書，基於本法律事件之
當事人因前述相同法令依據、相同事實，僅被害人不同，本案應移請併案審理。
6.處理過程:依法處理。
7.對公司財務業務影響及預估影響金額:本公司營運一切正常。
8.因應措施及改善情形:依證券交易所要求發布重大訊息。
9.其他應敘明事項(若事件發生或決議之主體係屬公開發行以上公司，本則重大訊息同時
  符合證券交易法施行細則第7條第2款所定對股東權益或證券價格有重大影響之事項):
無。",上市,,,,2026-10-05,2026-10-07 00:34:06,07dca812c6ccd5ca0ca67e5ed23d2ed0
1151006,1151005,222642,2303,聯電,公告本公司第七次海外無擔保轉換公司債完成訂價,第51款,1151005,"1.事實發生日:115/10/05
2.公司名稱:聯華電子股份有限公司
3.與公司關係(請輸入本公司或子公司):本公司
4.相互持股比例:不適用
5.發生緣由:公告本公司第七次海外無擔保轉換公司債完成訂價
6.因應措施:不適用
7.其他應敘明事項(若事件發生或決議之主體係屬公開發行以上公司，本則重大訊息同時
  符合證券交易法施行細則第7條第9款所定對股東權益或證券價格有重大影響之事項):
依據：
一、金融監督管理委員會115年10月2日金管證發字第1150356180號函。
二、發行人募集與發行海外有價證券處理準則第二十六條規定辦理。
公告事項：
一、募集海外公司債總額，債券每張金額、發行價格及預定發行日期：
（一）募集海外公司債總額：美金18億元(包含A券公司債美金9億元、B券公司債美金
      9億元)。
（二）債券每張面額：A券及B券皆為美金20萬元，或如超過美金20萬元，以美金10萬
      元之整數倍數發行。
（三）發行價格：A券及B券皆按面額100%發行。
（四）發行日期：A券及B券皆為115年10月13日。
二、募集海外公司債之利率：A券及B券票面利率皆為年利率0%。
三、募集海外公司債償還方法及期限：
（一）償還方法：
      A券：本債券除已被提前贖回、提前賣回並註銷或轉換外，本公司應於到期日，
      按本債券面額加計年利率為-0.25% (按半年計算)之收益率（下稱「到期贖回金
      額」），以美金將本債券贖回。
      B券：本債券除已被提前贖回、提前賣回並註銷或轉換外，本公司應於到期日，
      按本債券面額加計年利率為-1.35% (按半年計算)之收益率（下稱「到期贖回金
      額」），以美金將本債券贖回。
      公司債之到期贖回金額將按固定匯率換算為新臺幣，並以該新臺幣金額按贖回
      當時匯率(參考上午十一時Taipei Forex Inc.所顯示之定盤匯率)換算為美金償
      還。
      固定匯率計為1美金兌換新臺幣31.753元。
（二）期限：A券為自發行日起滿5年之日為到期日，到期日為民國120年10月13日；B券
     為自發行日起滿18個月之日為到期日，到期日為民國117年4月13日。
四、有擔保者，擔保之種類名稱：無。
五、轉換辦法及重要約定事項：
（一）轉換標的：本公司新發行之普通股。
（二）轉換期間：除提前將本債券贖回或賣回並註銷或停止轉換期間(定義如下)外，
      債券持有人得於本債券發行日後屆滿三個月(不含發行日)之翌日起，至(1)到期
      日前10日止或(2)債券持有人行使賣回權之賣回日或本公司行使提前贖回權之贖
      回日(不含本債券到期日)前第5個營業日止，依相關法令及受託契約之規定，隨
      時向本公司請求將本債券轉換為本公司之普通股。
      依目前中華民國法令規定，前述不得行使轉換權之停止轉換期間係指：
      A.依中華民國法令或臺灣證券交易所規定之停止過戶之期間，惟不包括本公司
        股東常會及股東臨時會之停止過戶期間。
      B.若本公司辦理無償配股、現金股息或現金增資時，自本公司無償配股停止過
        戶日、現金股息停止過戶日或現金增資認股停止過戶日前十五個營業日起，
        至權利分派基準日止。
      C.如本公司辦理減資者，自本公司辦理減資之減資基準日起至減資換發股票開
        始交易日前一日止。
      D.如本公司辦理股票變更面額者，自本公司辦理股票變更面額之停止轉換起始
        日至新股換發股票開始交易日前一日止。變更面額之停止轉換起始日係指向
        相關主管機關申請變更登記之前一個營業日。本公司並應於該起始日前四個
        營業日公告停止轉換期間。
      E.其他依中華民國法令或臺灣證券交易所規定之停止過戶期間。
      前述有關停止過戶期間之法令如有修正，應依修正後法令辦理。
（三）轉換價格：
      A券：轉換價格為新臺幣202.06元，轉換價格以訂價日民國115年10月5日本公
           司於臺灣證券交易所普通股收盤價新臺幣152.5元之132.5%訂定之。
      B券：轉換價格為新臺幣179.19元，轉換價格以訂價日民國115年10月5日本公
           司於臺灣證券交易所普通股收盤價新臺幣152.5元之117.5%訂定之。
（四）轉換價格調整：本債券發行後，轉換價格應依受託契約相關反稀釋條款調整之。
（五）債券持有人賣回權：
      除下列情事外，債券持有人不得要求本公司於到期日前將其持有之本債券全部
      或部分贖回：（1）（僅A券）除本債券被提前贖回、提前賣回並註銷或轉換外，
      債券持有人得於本債券發行屆滿1年及3年當日（即民國116年10月13日及民國
      118年10月13日），要求本公司依本債券面額加計年利率為-0.25%之利息補償
      金，且以每半年為計算基礎所得之金額(以下簡稱「提前贖回金額」)，將本債
      券全部或部分贖回。（2）若本公司普通股在臺灣證券交易所終止上市，債券持
      有人得要求發行公司依提前贖回金額將本債券全部或部分贖回。（3）若本公司
      發生受託契約所定義之控制權變動情事時，債券持有人得要求本公司依提前贖
      回金額將本債券全部或部分贖回。債券持有人行使前述賣回權，及本公司受理
      債券持有人之賣回請求，應依據受託契約所訂賣回程序為之，本公司將於受託
      契約所訂之付款日以現金贖回本債券。
      公司債之提前贖回金額將按固定匯率換算為新臺幣，並以該新臺幣金額按賣回
      當時匯率(參考上午十一時Taipei Forex Inc.所顯示之定盤匯率)換算為美金
      償還。
（六）本公司之提前贖回權：除下列情事外，本公司於本債券存續期間內不得於到期
      日前任何時間將本債券全部或部分贖回：（1）（僅A券）本債券發行之日起屆
      滿3年後至到期日前，如本公司普通股於臺灣證券交易所之收盤價格，連續三十
      個營業日中有二十個交易日（如遇除權或除息者，於除權或除息交易日至除權
      或除息基準日之間，採用之收盤價格，應先設算為除權或除息前之價格）達提
      前贖回金額（定義於後）除以本債券面額再乘以當時轉換價格後所得之總數
      130%以上時，本公司得以提前贖回金額贖回全部或部分本債券。（2）（僅B券）
      本債券發行之日起屆滿1年後至到期日前，如本公司普通股於臺灣證券交易所之
      收盤價格，連續三十個營業日中有二十個交易日（如遇除權或除息者，於除權
      或除息交易日至除權或除息基準日之間，採用之收盤價格，應先設算為除權或
      除息前之價格）達提前贖回金額(定義於後)除以本債券面額再乘以當時轉換價
      格後所得之總數130%以上時，本公司得以提前贖回金額贖回全部或部分本債券。
     （3）超過百分之九十之本債券已被贖回、經債券持有人行使轉換權、賣回並註
      銷時，本公司得依提前贖回金額將尚流通在外之本債券全部贖回。（4）因中華
      民國稅務法令修正，致使本公司於發行日後因本債券而稅務負擔增加或必須支
      付額外之利息費用或增加成本時，本公司得依提前贖回金額提前將本債券全部
      贖回。惟，本公司通知提前贖回時，如本債券流通在外本金金額逾發行日本債
      券本金金額之百分之十，則債券持有人得選擇是否參與贖回。倘債券持有人不
      參與贖回，該債券持有人不得請求本公司負擔額外之稅賦或費用。
      本公司行使提前贖回權，應依據受託契約所訂之贖回程序為之，本公司將於受
      託契約所訂之贖回日以現金贖回本債券。
     「提前贖回金額」：
      A券係指本公司依本債券面額加計年利率為-0.25%之利息補償金，且以每半年為
      計算基礎所得之金額。
      B券係指本公司依本債券面額加計年利率為-1.35%之利息補償金，且以每半年為
      計算基礎所得之金額。
      公司債之提前贖回金額將按固定匯率換算為新臺幣，並以該新臺幣金額按贖回
      當時匯率(參考上午十一時Taipei Forex Inc.所顯示之定盤匯率)換算為美金償
      還。
六、發行及交易地點：新加坡交易所。
七、發行方式約定由特定人認購之情事：無
八、資金運用計畫及預計可能產生效益：購置機器設備及廠務工程之資金需求。
九、對股東權益之主要影響：本次發行海外無擔保可轉換公司債若按發行時轉換價格
    全數轉換為普通股，其對原股東股權之稀釋比例約為2.34%，其對原股東股權稀釋
    比例效果尚屬有限。",上市,,,,2026-10-05,2026-10-07 00:34:06,039a36ab2555faca01e4302ab29ba536
1151006,1151005,233010,6908,宏碁遊戲-創,代子公司Winking Studios Limited公告庫藏股執行情形,第51款,1151005,"1.事實發生日:115/10/05
2.公司名稱:Winking Studios Limited
3.與公司關係(請輸入本公司或子公司):子公司
4.相互持股比例:57.19%
5.發生緣由:無
6.因應措施:無
7.其他應敘明事項(若事件發生或決議之主體係屬公開發行以上公司，本則重大訊息同時
  符合證券交易法施行細則第7條第9款所定對股東權益或證券價格有重大影響之事項):
(1)每日股票回購指示的生效日期: 2026/10/05
(2)授權購買的最大股份數量: 44,193,811
(3)透過市場收購方式進行的購買: 是
(4)購買日期: 2026/10/05
(5)購買股份總數: 30,000
(6)註銷股份數量: 0
(7)庫存股數量: 2,169,600
(8)每股最高價格: SGD 0.2000
(9)每股最低價格: SGD 0.2000
(10)股份已支付或應付的總對價(包括印花稅、清算費用等): SGD 6,027.40
(11)截至目前累計購買股數: 2,169,600
(12)已發行股份數量(不包括購買後的庫存股): 439,768,518
(13)購買後持有的庫存股數量: 2,169,600",上市,,,,2026-10-05,2026-10-07 00:34:06,f7264fab7537f038410fe23fdab87403
,1151005,70003,,,"公告本公司名稱由「宏易創新國際股份有限公司」
更名為「天意能創股份有限公司」，
公告期間：115年7月09日至115年10月08日。",第53款,1150708,"1.事實發生日：民國115年07月08日
2.公司名稱：天意能創股份有限公司(原名：宏易創新國際股份有限公司)
3.與公司關係(請輸入本公司或子公司)：本公司
4.相互持股比例：不適用
5.發生緣由：
(1)公司名稱變更核准日期/事實發生日：民國115年07月08日
(2)公司名稱變更核准文號：府產業商字第11550721810
(3)更名案股東會決議通過日期：民國115年06月24日
(4)變更前公司名稱：宏易創新國際股份有限公司
(5)變更後公司名稱：天意能創股份有限公司
(6)變更前公司簡稱：宏易
(7)變更後公司簡稱：天意
6.因應措施：無
7.其他應敘明事項：(1)本公司於115年7月09日收到台北市政府變更登記核准函。
(2)依據財團法人中華民國櫃檯買賣中心證券商營業所買賣有價證券業務規則第9-1條規定，於更名後須連續公告三個月。
(3)本公司股票代號未變動，仍為「4530」。",上櫃,1151006,4530,天意能創,2026-10-05,2026-10-07 00:34:06,3defe61693dcb886ecebd3742769c4f9
,1151005,70004,,,"公告本公司股票面額由「新台幣10元」變更為「新台幣5元」
公告期間：115年7月22日至115年10月21日",第53款,1150624,"1.事實發生日：民國115年06月24日
2.公司名稱：強生化學製藥廠股份有限公司
3.與公司關係(請輸入本公司或子公司)：本公司
4.相互持股比例：不適用
5.發生緣由：
(1)公司面額變更核准日期/事實發生日：民國115年06月24日
(2)公司面額變更核准文號：經授商字第新北府經司字第1158046510號函
(3)董事會決議通過換股計畫書日期：民國115年07月22日
(4)變更前面額：新台幣10.00
(5)變更後面額：新台幣5.00
(6)新股票上市買賣日及舊股票終止上市買賣日：民國115年08月31日
(7)換發股票時程重大訊息公告日期：民國115年07月22日重大訊息公告
6.因應措施：不適用。
7.其他應敘明事項：無。",上櫃,1151006,4747,強生*,2026-10-05,2026-10-07 00:34:06,fe95ca6d65b675d8033b9df291153c1b
,1151005,140114,,,公告本公司董事會通過總經理聘任案,第6款,1151005,"1.董事會決議日期或發生變動日期:115/10/05
2.人員別（請輸入董事長或總經理）:總經理
3.舊任者姓名:陳培真
4.舊任者簡歷:本公司執行長暨總經理
5.新任者姓名:張瑞宗
6.新任者簡歷:久尹股份有限公司董事長
7.異動情形（請輸入「辭職」、「解任」、「任期屆滿」、「職務調整」、「資遣」、
「退休」、「逝世」或「新任」）:職務調整
8.異動原因:因應本集團內部職務調整與人才配置
9.新任生效日期:115/10/05
10.其他應敘明事項(若事件發生或決議之主體係屬公開發行以上公司，
本則重大訊息同時符合證券交易法施行細則第7條第6款所定
對股東權益或證券價格有重大影響之事項):無",上櫃,1151006,6284,佳邦,2026-10-05,2026-10-07 00:34:06,463bddd04f3138bfb7eb5acbc0a867a5
,1151005,140902,,,公告本公司組織調整執行長職務案,第8款,1151005,"1.人員變動別（請輸入發言人、代理發言人、重要營運主管
(如:執行長、營運長、行銷長及策略長等)、財務主管、會計
主管、公司治理主管、資訊安全長、研發主管、內部稽核主管或訴訟及非
訟代理人）:執行長
2.發生變動日期:115/10/05
3.舊任者姓名、級職及簡歷:陳培真/執行長
4.新任者姓名、級職及簡歷:不適用
5.異動情形（請輸入「辭職」、「職務調整」、「資遣」、
「退休」、「死亡」、「新任」或「解任」）:職務調整
6.異動原因:為配合組織架構及經營管理分工調整，自民國115年10月05日起
不設置執行長職位
7.生效日期:115/10/05
8.其他應敘明事項:無",上櫃,1151006,6284,佳邦,2026-10-05,2026-10-07 00:34:06,0b42004aab9d793749f2d109a2ca632d
,1151005,143746,,,"本公司有價證券近期多次達公布注意交易資訊標準，
故公告相關訊息，以利投資人區別暸解",第53款,1151005,"1.事實發生日:115/10/05
2.發生緣由:依財團法人中華民國證券櫃檯買賣中心通知辦理。
3.財務業務資訊:
(1)單月
                      　　最近一月單月    去年同月    與去年同期增減%
                        　 (115年8月)    (114年8月)
--------------------------- -------------------------------------------
營業收入(百萬元)                30.79        22.35             37.74%
稅前淨利(百萬元)                 5.18         2.30            125.22%
歸屬母公司業主淨利(百萬元)       4.01         2.30             74.35%
每股盈餘(元)                     0.14         0.08             75.00%

(2)單季
                         最近一季單季      去年同期   與去年同期增減%
                           (115第2季)     (114第2季)
------------------------------------------------------------------------
營業收入(百萬元)                82.63          86.60             (4.58%)
稅前淨利(百萬元)                10.05         (1.56)            744.23%
歸屬母公司業主淨利(百萬元)       8.34         (1.56)            634.62%
每股盈餘(元)                     0.29         (0.06)            583.33%

(3)最近四季累計
                                  (114年第3季至115年第2季)
-----------------------------------------------------------
營業收入(百萬元)                               266.56
稅前淨利(百萬元)                                10.55
歸屬母公司業主淨利(百萬元)                       8.91
每股盈餘(元)                                     0.30

公司每股面額：10元
4.有無「財團法人中華民國證券櫃檯買賣中心對有價證券上櫃公司
重大訊息之查證暨公開處理程序 」第4條所列重大訊息之情事（如
「有」，請說明）:無
5.有無「財團法人中華民國證券櫃檯買賣中心對有價證券上櫃公司
重大訊息之查證暨公開處理程序」第11條所列重大訊息說明記者會
之情事:無
6.其他應敘明事項:
(1)以上115年8月及去年同期比較數之財務資料係本公司採IFRS會計準則編
   準則編製之合併自結數，未經會計師查核(閱)，僅供投資人參考。
(2)最近一季115年第2季係指單季數字，非為最近財務報告中之累計數字，
   且係本公司採IFRS下編製之合併數，業經會計師查核(閱)，僅供投資人參考。
(3)最近四季累計係本公司114年第3季至115年第2季採IFRS編製之合併數，
   業經會計師查核(閱)，僅供投資人參考。",上櫃,1151006,6708,天擎,2026-10-05,2026-10-07 00:34:06,6dac335a8f56827bbc1665fb84dc9ae4
,1151005,143907,,,公告本公司115年09月份損益,第53款,1151005,"1.事實發生日:115/10/05
2.公司名稱:致和證券股份有限公司
3.與公司關係(請輸入本公司或子公司):本公司
4.相互持股比例:不適用
5.發生緣由:
(1)九月份稅前盈餘：528,919 仟元
(2)九月份稅後盈餘：526,403 仟元
(3)九月份每股稅前盈餘：1.048 元
(4)九月份每股稅後盈餘：1.043 元
(5)一至九月份累計稅前盈餘：5,095,292 仟元
(6)一至九月份累計稅後盈餘：5,015,489 仟元
(7)一至九月份累計每股稅前盈餘：10.099 元
(8)一至九月份累計每股稅後盈餘：9.941 元
6.因應措施:無
7.其他應敘明事項(若事件發生或決議之主體係屬公開發行以上公司，
本則重大訊息同時符合證券交易法施行細則第7條第9款所定
對股東權益或證券價格有重大影響之事項):
以上資訊係本公司初步自行結算結果並未經會計師簽證或核閱　",上櫃,1151006,5864,致和證,2026-10-05,2026-10-07 00:34:06,5748b30cd6bcd417d3c5734f792bbce3
,1151005,150535,,,公告本公司董事會決議更換會計師事務所及簽證會計師,第7款,1151005,"1.董事會通過日期(事實發生日):115/10/05
2.舊會計師事務所名稱:安侯建業聯合會計師事務所
3.舊任簽證會計師姓名1:
黃海寧
4.舊任簽證會計師姓名2:
于紀隆
5.新會計師事務所名稱:勤業眾信聯合會計師事務所
6.新任簽證會計師姓名1:
彭詩玄
7.新任簽證會計師姓名2:
洪國田
8.變更會計師之原因:
公司因業務及管理效率需要，及強化集團財務報導之一致性及查核溝通效率
9.說明係由公司主動終止委任或不再繼續委任或前任會計師主動終止委任
或不再繼續接受委任:
由公司不再繼續委任
10.公司通知或接獲通知終止之日期:115/10/05
11.最近二年度已申報或即將編製之財務報告是否曾經會計師調整或提出內
部控制重大改進事項之建議:
無
12.公司對上開調整或建議事項有無不同意見(若有不同意見，請詳細說明每
一事項之性質、公司原處理方法與最後處理結果暨繼任會計師對各該事
項之書面意見):
不適用
13.公司正式委任繼任會計師前，是否曾就上開前任會計師所做調整及建議
事項之處理及其對財務報表可能簽發之意見，諮詢該會計師(若有，請輸
入詢問事項及結果):
不適用
14.說明是否授權前任會計師對繼任會計師所提合理之詢問(包括上開所述不
同意見之情事)充分回答:
是
15.其他應敘明事項(若事件發生或決議之主體係屬公開發行以上公司，本則
重大訊息同時符合證券交易法施行細則第7條第7款所定對股東權益或
證券價格有重大影響之事項):
無",上櫃,1151006,6284,佳邦,2026-10-05,2026-10-07 00:34:06,5cf13f680c1975e95b900624b2dbe307
,1151005,150803,,,調整本公司111年度現金增資之資金運用計畫項目,第16款,1150805,"1.董事會決議變更日期:115/08/05
2.原計畫申報生效日期:111/11/14
3.追補發行日期:不適用
4.變動原因:
經審慎考量資金有限且融資不易，為使募集資金運用更有效率，故依目前營運情形及
藥物開發進度，擬調整原規劃OIF/β-TCP(BiG-006)用於治療腰椎椎體間融合之研發計畫
執行進度，將該資源投入主力產品RevoCartR的權利買斷，並調整個別計畫之資金
運用及執行期間。
5.歷次變更前後募集資金計畫:
     計畫項目         原計畫金額      本次變更金額      新計畫金額
------------------   --------------  ----------------  ---------------
OIF/β-TCP(BiG-001)       40,000                              40,000
OIF/β-TCP(BiG-006)      150,000          (58,000)            92,000
OIF產程開發(CMC)        210,000                             210,000
RevoCart權利買斷                          58,000             58,000
--------------------------------------------------------------------
     合計               400,000                0            400,000
6.預計執行進度:117年第3季完成
7.預計完成日期:117年第3季完成
8.預計可能產生效益:可大幅減少未來現金流出並確保技術資產之穩定。
9.與原預計效益產生之差異:無重大差異。
10.本次變更對股東權益之影響:無重大影響。
11.原主辦承銷商評估意見摘要:不適用。
12.其他應敘明事項:本次計畫變更個別項目減少合計數或
增加合計數未達所募集資金總額之20%，故非屬重大計劃變更。",上櫃,1151006,6733,博晟生醫,2026-10-05,2026-10-07 00:34:06,52e9c2cb2f705dd2a203df1e20df7240
,1151005,151813,,,公告本公司向關係人取得使用權資產,第20款,1151005,"1.標的物之名稱及性質（如坐落台中市北區ＸＸ段ＸＸ小段土地）:
桃園市楊梅區甡甡路693巷11弄1號部分廠房
2.事實發生日:115/10/5~115/10/5
3.董事會通過日期: 民國115年10月5日
4.其他核決日期: 不適用
5.交易單位數量（如ＸＸ平方公尺，折合ＸＸ坪）、每單位價格及交易總金額:
交易單位數量:72平方公尺，折合21.78坪
每單位價格:每月租金含稅新台幣15,000元
租賃期間:民國116年01月01日至民國116年12月31日，
期滿自動續約延展一年，其後亦同。
交易總金額:不動產之使用權資產新台幣1,646,573元
6.交易相對人及其與公司之關係（交易相對人如屬自然人，且非公司之關
係人者，得免揭露其姓名）:
交易相對人:久尹股份有限公司
與公司之關係:同為華新科技(股)公司之子公司
7.交易相對人為關係人者，並應公告選定關係人為交易對象之原因及前次移轉之
所有人、前次移轉之所有人與公司及交易相對人間相互之關係、前次移轉日期
及移轉金額:
選定關係人為交易對象之原因:因應本公司營運所需 
前次移轉之所有人、前次移轉之所有人與公司及交易
相對人間相互之關係、前次移轉日期及移轉金額:
不適用
8.交易標的最近五年內所有權人曾為公司之關係人者，尚應公告關係
人之取得及處分日期、價格及交易當時與公司之關係:
不適用
9.預計處分利益（或損失）（取得資產者不適用）（遞延者應列表說明
認列情形）:
不適用
10.交付或付款條件（含付款期間及金額）、契約限制條款及其他重要約定
事項:
依租賃契約規定
11.本次交易之決定方式（如招標、比價或議價）、價格決定之參考依據及
決策單位:
交易之決定方式:依租賃雙方議價
價格決定之參考依據:參考市場行情議定
決策單位:董事會
12.專業估價者事務所或公司名稱及其估價金額:
不適用
13.專業估價師姓名:
不適用
14.專業估價師開業證書字號:
不適用
15.估價報告是否為限定價格、特定價格或特殊價格:否或不適用
16.是否尚未取得估價報告:否或不適用
17.尚未取得估價報告之原因:
不適用
18.估價結果有重大差異時，其差異原因及會計師意見:
不適用
19.會計師事務所名稱:
不適用
20.會計師姓名:
不適用
21.會計師開業證書字號:
不適用
22.經紀人及經紀費用:
不適用
23.取得或處分之具體目的或用途:
因應本公司營運需要
24.本次交易表示異議之董事之意見:
無
25.本次交易為關係人交易:是
26.監察人承認或審計委員會同意日期:
民國115年10月05日
27.本次交易係向關係人取得不動產或其使用權資產:是
28.依「公開發行公司取得或處分資產處理準則」第十六條規定
評估之價格:不適用
29.依前項評估之價格較交易價格為低者，依同準則第十七條規
定評估之價格:不適用
30.前已就同一件事件發布重大訊息日期: 不適用
31.其他敘明事項:
無",上櫃,1151006,6284,佳邦,2026-10-05,2026-10-07 00:34:06,5a39c005bb858272731e8eec3bfdb500
,1151005,152201,,,(更正)公告本公司取得私募有價證券,第24款,1151001,"1.標的物之名稱及性質（屬特別股者，並應標明特別股約定發行條件，
如股息率等）:
梭特科技股份有限公司私募普通股
2.事實發生日:115/10/01
3.交易單位數量、每單位價格及交易總金額:
交易單位數量:普通股6,000,000股
每單位價格:50元
交易總金額:新台幣300,000,000元
4.交易相對人及其與公司之關係（交易相對人如屬自然人，且非公司
之關係人者，得免揭露其姓名）:
梭特科技股份有限公司；非關係人
5.交易相對人為關係人者，並應公告選定關係人為交易對象之原因及
前次移轉之所有人、前次移轉之所有人與公司及交易相對人間相互之
關係、前次移轉日期及移轉金額:
不適用
6.交易標的最近五年內所有權人曾為公司之關係人者，尚應公告
關係人之取得及處分日期、價格及交易當時與公司之關係:
不適用
7.本次係處分債權之相關事項（含處分之債權附隨擔保品種類、處分
債權如有屬對關係人債權者尚需公告關係人名稱及本次處分該關係人
之債權帳面金額:
不適用
8.處分利益（或損失）（取得有價證券者不適用）（遞延者應列表
說明認列情形）:
不適用
9.交付或付款條件（含付款期間及金額）、契約限制條款及其他重要
約定事項:
私募普通股繳款期間: 115/10/01~115/10/15
交易總金額: 新台幣300,000,000元
10.本次交易之決定方式、價格決定之參考依據及決策單位:
決定方式及決策單位:依公司內部核決權限規定辦理
價格參考依據:依梭特科技股份有限公司私募普通股訂定之價格認購
11.取得或處分有價證券標的公司每股淨值:23.65
12.有價證券標的公司私募參考價格與每股交易金額差距達20%以上:否
13.迄目前為止，累積持有本交易證券（含本次交易）之數量、金額、
持股比例及權利受限情形（如質押情形）:
累積持有本交易證券數量：6,000,000股
累積持有本交易證券金額：新台幣300,000,000元
持股比例：16.67%
權利受限情形：無
14.迄目前為止，私募有價證券投資（含本次交易）占公司最近期財
務報表中總資產及歸屬於母公司業主之權益之比例暨最近期財務報表中營運資金數額:
佔總資產比例：3.47%
佔母公司業主權益之比例：4.48%
營運資金：新台幣6,058,125仟元
15.經理人及經紀費用:
無
16.取得或處分之具體目的或用途:
策略性投資
17.本次交易表示異議董事之意見:
無
18.本次交易為關係人交易:
否
19.董事會通過日期:
不適用
20.監察人承認或審計委員會同意日期:
不適用
21.本次交易會計師出具非合理性意見:否
22.會計師事務所名稱:
不適用
23.會計師姓名:
不適用
24.會計師開業證書字號:
不適用
25.其他敘明事項:
無。",上櫃,1151006,7734,印能科技,2026-10-05,2026-10-07 00:34:06,0ced61b6c8fd61f335462f5f49eae44f
,1151005,152343,,,"本公司有價證券近期多次達公布注意交易資訊標準，故公告
相關訊息，以利投資人區別暸解。",第53款,1151005,"1.事實發生日:115/10/05
2.發生緣由:依財團法人中華民國證券櫃檯買賣中心通知辦理公告。
3.財務業務資訊:
(1)單月
                            最近一月單月    去年同月      與去年同期增減%
期間                          (115/08)      (114/08)
--------------------------------------------------------------------------
營業收入(百萬元)                254            255              -0.39%
稅前淨利(百萬元)                 19             16              18.75%
歸屬母公司業主淨利(百萬元)       17             14              21.43%
每股盈餘(元)                   0.04           0.04              00.00%

(2)單季
                            最近一季單季    去年同期      與去年同期增減%
期間                        (115第2季)    (114第2季)
--------------------------------------------------------------------------
營業收入(百萬元)                 911           668              36.38%
稅前淨利(百萬元)                 143            13            1000.00%
歸屬母公司業主淨利(百萬元)       132             5            2540.00%
每股盈餘(元)                    0.34          0.01            3300.00%

(3)最近四季累計
期間                  (114年第3季至115年第2季)
--------------------------------------------------------------------------
營業收入(百萬元)                3,273
稅前淨利(百萬元)                  198
歸屬母公司業主淨利(百萬元)        161
每股盈餘(元)                     0.42
--------------------------------------------------------------------------
        公司每股面額10元

4.有無「財團法人中華民國證券櫃檯買賣中心對有價證券上櫃公司
重大訊息之查證暨公開處理程序 」第4條所列重大訊息之情事（如
「有」，請說明）:無
5.有無「財團法人中華民國證券櫃檯買賣中心對有價證券上櫃公司
重大訊息之查證暨公開處理程序」第11條所列重大訊息說明記者會
之情事:無
6.其他應敘明事項:
(1)以上115年08月及去年同期比較數之財務資料係本公司採IFRS會計準則編製之
   自結數，未經會計師查核(閱)，僅供投資人參考。
(2)最近一季115年第2季及去年同期比較數係指單季數字，係本公司依IFRS下編製
   之合併數，業係經會計師核閱，僅供投資人參考。
(3)最近四季累計係本公司114年第3季至115年第2季採IFRS編製之合併數，業經會
   計師查核(閱)，僅供投資人參考。",上櫃,1151006,6244,茂迪,2026-10-05,2026-10-07 00:34:06,f14c20f1f422a37452d9163293421c73
,1151005,152730,,,"本公司可轉換公司債漢磊五(代號：37075)近期達公布
注意交易資訊標準，故公告相關訊息，以利投資人區別瞭解",第53款,1151005,"1.事實發生日:115/10/05
2.發生緣由:依櫃買中心通知辦理，公布下列訊息，以供投資人參酌。
3.財務業務資訊:漢磊五(37075)可轉債相關資訊
到期日期：119/08/20
實際發行總額：10億元
本月底發行餘額：282,100,000元(截至115/10/02)
最新轉(交)換價格：40.1
轉換標的收市價格(3707)：85.3(115/10/05)
轉換債收市價格(37075)：222(115/10/05)
4.有無「財團法人中華民國證券櫃檯買賣中心對有價證券上櫃公司
重大訊息之查證暨公開處理程序 」第4條所列重大訊息之情事（如
「有」，請說明）:無
5.有無「財團法人中華民國證券櫃檯買賣中心對有價證券上櫃公司
重大訊息之查證暨公開處理程序」第11條所列重大訊息說明記者會
之情事:無
6.其他應敘明事項:無",上櫃,1151006,3707,漢磊,2026-10-05,2026-10-07 00:34:06,3ab1fbd071765d42a6b234e72b639a47
,1151005,153754,,,公告本公司受邀參加中信證券舉辦之線上法人說明會,第12款,1151006,"符合條款第四條第XX款：12
事實發生日：115/10/06
1.召開法人說明會之日期：115/10/06
2.召開法人說明會之時間：14 時 30 分 
3.召開法人說明會之地點：線上法說會
4.法人說明會擇要訊息：本公司受邀參加中信證券舉辦之線上法人說明會，說明本公司營運成果及未來展望。
5.其他應敘明事項：會後將於「公開資訊觀測站」及公司網站揭露相關資訊。
完整財務業務資訊請至公開資訊觀測站之法人說明會一覽表或法說會項目下查閱。",上櫃,1151006,8390,金益鼎,2026-10-05,2026-10-07 00:34:06,7dbc497b78692b6bf19be1b0cae64384
,1151005,155306,,,公告本公司洽定上櫃買賣開始日並自同日起終止興櫃買賣,第28款,1151005,"1.事實發生日:115/10/05
2.停止或終止有價證券登錄興櫃股票之原因:轉至上櫃交易
3.預計或實際停止或終止有價證券登錄興櫃股票之日期:115/10/06
4.其它應敘明事項:
(1)本公司申請股票初次上櫃案，業經財團法人中華民國證券櫃檯
買賣中心115年07月02日證櫃審字第11501011651號函核准上櫃
及115年08月17日證櫃審字第11500700351號函准許股票上櫃
買賣開始期限延長在案。
(2)本公司為配合初次上櫃前公開承銷辦理現金增資發行普通股
7,000,000股，每股面額新台幣10元整，業經財團法人中華民國
證券櫃檯買賣中心115年08月06日證櫃審字第1150005014號函
申報生效在案。
(3)本公司向財團法人中華民國證券櫃檯買賣中心洽定上櫃買賣
開始日為115年10月06日，並自同日起終止興櫃買賣。",上櫃,1151006,6604,儒億,2026-10-05,2026-10-07 00:34:06,6f3ee07d010111ce80eb62b304321eac
,1151005,161806,,,配合法務部調查局臺南市調查處進行調查,第19款,1151005,"1.事實發生日:115/10/05
2.發生緣由:法務部調查局臺南市調查處對本公司特定員工進行調查。
3.因應措施:本公司將依法務部調查局臺南市調查處所提要求，
 全力配合調查。
4.對公司財務業務之影響:無。
5.其他應敘明事項:無。",上櫃,1151006,1599,宏佳騰,2026-10-05,2026-10-07 00:34:06,d58f1b9f6109e4e38c26045caaf684aa
,1151005,163637,,,公告本公司買回庫藏股執行完畢,第35款,1151005,"1.原預定買回股份總金額上限(元):864,737,742
2.原預定買回之期間:115/08/07~115/10/05
3.原預定買回之數量(股):300,000
4.原預定買回區間價格(元):95.00~150.00
5.本次實際買回期間:115/08/11~115/10/05
6.本次已買回股份數量(股):300,000
7.本次已買回股份總金額(元):35,126,033
8.本次平均每股買回價格(元):117.09
9.累積已持有自己公司股份數量(股):300,000
10.累積已持有自己公司股份數量占公司已發行股份總數之比率(%):0.79
11.本次未執行完畢之原因:

12.其他應敘明事項:
無。",上櫃,1151006,7820,立盈,2026-10-05,2026-10-07 00:34:06,3a0b5c7595cb7bab1923e5573da2567b
,1151005,163638,,,公告本公司本週到期票據、應償還借款及利息等相關資訊,第53款,1151005,"1.事實發生日:115/10/05
2.公司名稱:三圓建設股份有限公司
3.與公司關係(請輸入本公司或子公司):本公司
4.相互持股比例:不適用
5.發生緣由:依115年01月15日證櫃監字第1140203169號函規定辦理說明
(1)本週到期應付票據:0元
(2)本週應償還借款及利息:980,127,148元
(3)本週應付薪資:0元
(4)銀行可使用融資情形:
已取得之融資額度$9,399,008,514；已使用之融資額度$9,316,808,514
未使用之融資額度$82,200,000；尚可使用融資額度$0。
(5)115/10/05期初餘額$407,805。
預估未來3個月現金流入:$2,323,497,643，
預估未來3個月現金流出:$2,275,132,232，
期末餘額$48,773,216
(6)資金缺口:無
6.因應措施:無
7.其他應敘明事項(若事件發生或決議之主體係屬公開發行以上公司，
本則重大訊息同時符合證券交易法施行細則第7條第9款所定
對股東權益或證券價格有重大影響之事項):期末餘額為正數，故無資金缺口。",上櫃,1151006,4416,三圓,2026-10-05,2026-10-07 00:34:06,75c634840ca9792ab7e9d76307c01815
,1151005,163653,,,公告本公司可轉換公司債到期還款計劃說明,第53款,1151005,"1.事實發生日:115/10/05
2.公司名稱:三圓建設股份有限公司
3.與公司關係(請輸入本公司或子公司):本公司
4.相互持股比例:不適用
5.發生緣由:依115年06月24日證櫃監字第1150201651號函規定辦理說明
(1)本公司發行國內第三次有擔保轉換公司債$955,900,000元，於115年09月30日可執
行賣回權，截至115年09月30日止本公司可轉換公司債已執行賣回權$953,200,000元，
目前尚有$2,700,000元尚未申請賣回權。
(2)償還資金來源：
本公司向銀行申請融資額度，支應前述應付公司債之本金及利息。
(3)115年9月30日為債券賣回基準日，115年10月7日為賣回價款發放日。
6.因應措施:無
7.其他應敘明事項(若事件發生或決議之主體係屬公開發行以上公司，
本則重大訊息同時符合證券交易法施行細則第7條第9款所定
對股東權益或證券價格有重大影響之事項):無",上櫃,1151006,4416,三圓,2026-10-05,2026-10-07 00:34:06,665aca7ccd4109e965e83affafd0df7c
,1151005,163709,,,公告本公司之關係人退票事宜,第28款,1151005,"1.關係人或主要債務人或其連帶保證人名稱:源利工程股份有限公司
2.事實發生日:115/10/05
3.發生緣由:本公司於115/10/05接獲通知，源利工程(股)公司於115/10/05因存款不足
發生退票資訊如下:合作金庫銀行之支票1張，金額合計:新台幣1,230,000元。
國泰世華銀行之支票3張，金額合計:新台幣3,382,686元。
4.債權種類或背書保證金額及其所占資產比例:不適用
5.債權有無保全措施:不適用
6.對公司財務、業務之影響及預計可能損失:本公司第二季財報帳列
(1)其他應收款-其他關係人-源利共計新台幣55,596仟元，提列減損新台幣55,596仟元
(2)資金融通-其他關係人-源利共計新台幣174,668仟元，提列減損新台幣174,668仟元
7.因應措施:與持票人協商清償註記。
8.其他應敘明事項:
(1)截至本日共有85張支票尚未清償註記，金額共計新台幣112,401,761。
(2)因期限內超過3張未清償註記，目前為拒絕往來戶。",上櫃,1151006,4416,三圓,2026-10-05,2026-10-07 00:34:06,b352aee84026743a11e2a9f039d30504
,1151005,164259,,,代子公司普興股份有限公司公告向關係人取得使用權資產,第20款,1151005,"1.標的物之名稱及性質（如坐落台中市北區ＸＸ段ＸＸ小段土地）:
高雄市大寮區莒光二街20號廠房及設備
2.事實發生日:115/10/5~115/10/5
3.董事會通過日期: 民國115年10月5日
4.其他核決日期: 不適用
5.交易單位數量（如ＸＸ平方公尺，折合ＸＸ坪）、每單位價格及交易總金額:
租賃面積: 3506.98平方公尺，折合1060.86坪。
每月租金：新台幣646,064元。(含稅)
使用權總金額：新台幣33,334,018元。
6.交易相對人及其與公司之關係（交易相對人如屬自然人，且非公司之關
係人者，得免揭露其姓名）:
交易相對人：太普高精密影像股份有限公司
與公司之關係：本公司之母公司。
7.交易相對人為關係人者，並應公告選定關係人為交易對象之原因及前次移轉之
所有人、前次移轉之所有人與公司及交易相對人間相互之關係、前次移轉日期
及移轉金額:
選定關係人為交易對象之原因：依照合資協議書規定
且可有效降低初期建廠之時間與資金成本，並確保
過渡期代工及後續業務移轉之流暢度。
前次移轉之所有人、前次移轉日期、前次移轉金額：不適用。
8.交易標的最近五年內所有權人曾為公司之關係人者，尚應公告關係
人之取得及處分日期、價格及交易當時與公司之關係:
不適用
9.預計處分利益（或損失）（取得資產者不適用）（遞延者應列表說明
認列情形）:
不適用
10.交付或付款條件（含付款期間及金額）、契約限制條款及其他重要約定
事項:
付款條件：依租賃合約規定付款
11.本次交易之決定方式（如招標、比價或議價）、價格決定之參考依據及
決策單位:
交易之決定方式：議價。
價格決定之參考依據：參考市場行情及專業估價。
決策單位：董事會。
12.專業估價者事務所或公司名稱及其估價金額:
華淵不動產估價師事務所
估價金額為新台幣33,334,018元。
13.專業估價師姓名:
陳聯興
14.專業估價師開業證書字號:
(101)高市估字第000068號
15.估價報告是否為限定價格、特定價格或特殊價格:否或不適用
16.是否尚未取得估價報告:否或不適用
17.尚未取得估價報告之原因:
不適用
18.估價結果有重大差異時，其差異原因及會計師意見:
不適用
19.會計師事務所名稱:
不適用
20.會計師姓名:
不適用
21.會計師開業證書字號:
不適用
22.經紀人及經紀費用:
不適用
23.取得或處分之具體目的或用途:
依照合資協議書規定，作為廠房使用
24.本次交易表示異議之董事之意見:
無
25.本次交易為關係人交易:是
26.監察人承認或審計委員會同意日期:
民國 115年10月05日
27.本次交易係向關係人取得不動產或其使用權資產:是
28.依「公開發行公司取得或處分資產處理準則」第十六條規定
評估之價格:不適用
29.依前項評估之價格較交易價格為低者，依同準則第十七條規
定評估之價格:不適用
30.前已就同一件事件發布重大訊息日期: 不適用
31.其他敘明事項:
無",上櫃,1151006,3284,太普高,2026-10-05,2026-10-07 00:34:06,73326727c93d747cb72afbedbb6b4e02
,1151005,165033,,,(更正)8/27公告本公司董事會決議取得有價證券,第20款,1150827,"1.標的物之名稱及性質（屬特別股者，並應標明特別股約定發行條件，如股息率等）:
株式&#20250;社（Brangista Solution)
普通股
2.事實發生日:115/8/27~115/8/27
3.董事會通過日期: 民國115年8月27日
4.其他核決日期: 不適用
5.交易數量、每單位價格及交易總金額:
交易單位數量：60股
每單位價格：日圓8,000,000元
交易總金額：日圓 480,000,000元
6.交易相對人及其與公司之關係（交易相對人如屬自然人，且非公司之
關係人者，得免揭露其姓名）:
交易相對人：株式&#20250;社(Brangista.inc)
與公司之關係：非關係人
7.交易相對人為關係人者，並應公告選定關係人為交易對象之原因及前次移
轉之所有人、前次移轉之所有人與公司及交易相對人間相互之關係、前次
移轉日期及移轉金額:
不適用
8.交易標的最近五年內所有權人曾為公司之關係人者，尚應公告關係人之取
得及處分日期、價格及交易當時與公司之關係:
不適用
9.本次係處分債權之相關事項（含處分之債權附隨擔保品種類、處分債權
如有屬對關係人債權者尚需公告關係人名稱及本次處分該關係人之債權
帳面金額:
不適用
10.處分利益（或損失）（取得有價證券者不適用）（原遞延者應列表說明
認列情形）:
不適用
11.交付或付款條件（含付款期間及金額）、契約限制條款及其他重要約定
事項:
依契約訂定。
12.本次交易之決定方式、價格決定之參考依據及決策單位:
本次交易價格決定參考依據：委託外部專家進行企業評價報告，
並請會計師出具交易價格合理性意見書。
決策單位：本公司董事會。
13.取得或處分有價證券標的公司每股淨值:
224,551.76元
14.迄目前為止，累積持有本交易證券（含本次交易）之數量、金額、持股
比例及權利受限情形（如質押情形）:
交易數量：60股
金額：日圓480,000,000元
持股比例：30%
權利受限情形：無
15.迄目前為止，依「公開發行公司取得或處分資產處理準則」第三條所列
之有價證券投資（含本次交易）占公司最近期財務報表中總資產及歸屬
於母公司業主之權益之比例暨最近期財務報表中營運資金數額（註二）:
佔最近期財務報表中總資產比率：45.44%(本次更正)
佔母公司業主之權益比率：90.75%(本次更正)
最近期財務報表營運資金數額：849,677仟元
16.經紀人及經紀費用:
無
17.取得或處分之具體目的或用途:
業務拓展及擴大經濟規模之效益
18.本次交易表示異議董事之意見:
不適用
19.本次交易為關係人交易:否
20.監察人承認或審計委員會同意日期:
民國115年8月27日
21.本次交易會計師出具非合理性意見:否
22.會計師事務所名稱:
安得仕聯合會計師事務所
23.會計師姓名:
吳林方
24.會計師開業證書字號:
金管會證字第8264號
25.是否涉及營運模式變更:否
26.營運模式變更說明:
不適用
27.過去一年及預計未來一年內與交易相對人交易情形:
不適用
28.資金來源:
自有資金
29.前已就同一件事件發布重大訊息日期:
民國115年8月27日
30.其他敘明事項:
無",上櫃,1151006,2949,欣新網,2026-10-05,2026-10-07 00:34:06,d59f870c079d7863bafab54fec7e85c8
,1151005,171101,,,公告本公司董事會通過公司遷址案,第53款,1151005,"1.事實發生日:115/10/05
2.公司名稱:力麒建設股份有限公司
3.與公司關係(請輸入本公司或子公司):本公司
4.相互持股比例:不適用
5.發生緣由::因本公司營運發展需要，經115年10月05日董事會決議通過遷址案
原地址：台北市吉林路99號8樓
變更後地址：台北市松江路155號20樓
6.因應措施:依法向主管機關辦理遷址之變更登記事宜。
7.其他應敘明事項(若事件發生或決議之主體係屬公開發行以上公司，
本則重大訊息同時符合證券交易法施行細則第7條第9款所定
對股東權益或證券價格有重大影響之事項):無",上櫃,1151006,5512,力麒,2026-10-05,2026-10-07 00:34:06,1c7a2e7b5d78dfa602bc582d1becb4ba
,1151005,171117,,,公告本公司處分不動產予關係人,第20款,1151005,"1.標的物之名稱及性質（如坐落台中市北區ＸＸ段ＸＸ小段土地）:
台北市中山區松江路155、157號18樓及其地下二層停車位五部。
2.事實發生日:115/10/5~115/10/5
3.董事會通過日期: 民國115年10月5日
4.其他核決日期: 不適用
5.交易單位數量（如ＸＸ平方公尺，折合ＸＸ坪）、每單位價格及交易總金額:
交易數量：土地面積70.98平方公尺，折合約21.47坪，
         建物面積1,058.49平方公尺，折合約320.20坪(含車位)；
每坪單位價格：建物約新台幣180.12萬元/坪、每車售價約新台幣406萬元；
交易總金額：新台幣521,610,000元。
6.交易相對人及其與公司之關係（交易相對人如屬自然人，且非公司之關
係人者，得免揭露其姓名）:
交易相對人：山林水環境工程股份有限公司
與公司之關係：本公司之子公司
7.交易相對人為關係人者，並應公告選定關係人為交易對象之原因及前次移轉之
所有人、前次移轉之所有人與公司及交易相對人間相互之關係、前次移轉日期
及移轉金額:
買方營運所需，原有辦公室不敷使用，洽詢買賣。
8.交易標的最近五年內所有權人曾為公司之關係人者，尚應公告關係
人之取得及處分日期、價格及交易當時與公司之關係:
不適用。
9.預計處分利益（或損失）（取得資產者不適用）（遞延者應列表說明
認列情形）:
預計毛利率約30%~40%，惟尚須俟實際投入成本而定。
本案係集團內部母子公司間之交易，於編製合併財務報告時，
擬全數合併沖銷，故對集團合併損益並無影響。
10.交付或付款條件（含付款期間及金額）、契約限制條款及其他重要約定
事項:
依合約約定收款。
11.本次交易之決定方式（如招標、比價或議價）、價格決定之參考依據及
決策單位:
交易決定方式：雙方議價決定；
價格決定之參考依據︰參考市場行情與諮詢專業鑑價機構之參考價格；
決策單位：董事會。
12.專業估價者事務所或公司名稱及其估價金額:
宏邦不動產估價師聯合事務所；估價金額為新台幣519,277,440元。
13.專業估價師姓名:
李青塘
14.專業估價師開業證書字號:
(108)北市估字第000278號
15.估價報告是否為限定價格、特定價格或特殊價格:否或不適用
16.是否尚未取得估價報告:否或不適用
17.尚未取得估價報告之原因:
不適用
18.估價結果有重大差異時，其差異原因及會計師意見:
不適用。
19.會計師事務所名稱:
不適用。
20.會計師姓名:
不適用。
21.會計師開業證書字號:
不適用。
22.經紀人及經紀費用:
無。
23.取得或處分之具體目的或用途:
出售商業不動產增加營業獲利。
24.本次交易表示異議之董事之意見:
無。
25.本次交易為關係人交易:是
26.監察人承認或審計委員會同意日期:
民國115年10月5日
27.本次交易係向關係人取得不動產或其使用權資產:是
28.依「公開發行公司取得或處分資產處理準則」第十六條規定
評估之價格:不適用
29.依前項評估之價格較交易價格為低者，依同準則第十七條規
定評估之價格:不適用
30.前已就同一件事件發布重大訊息日期: 不適用
31.其他敘明事項:
無。",上櫃,1151006,5512,力麒,2026-10-05,2026-10-07 00:34:06,f721f364c216bb5ddedd76aa3c3e0716
,1151005,171135,,,公告本公司變更向關係人取得使用權資產,第20款,1151005,"1. 原公告日期：
112/12/20
2. 簡述原公告申報內容：
交易相對人：慶益開發股份有限公司(本公司之關係人)
標的物之名稱：台北市中山區吉林路99號8樓、9樓之不動產使用權資產
租金總額：每月新台幣305,550元(含稅)
使用權資產金額：約新台幣10,105,694元
3. 變動緣由及主要內容：
變動緣由：係因集團辦公室整併規劃及搬遷安排，將台北市中山區吉林路99號9樓之
         不動產使用權資產於民國115年9月30日提前終止租約。
交易相對人：慶益開發股份有限公司(本公司之關係人)
變動後標的物之名稱：台北市中山區吉林路99號8樓之不動產使用權資產
變動後租金總額：每個月新台幣156,450元(含稅)
變動後使用權資產金額：約新台幣5,174,393元
4. 變動後對公司財務業務之影響：
無。
5. 其他應敘明事項：
無。",上櫃,1151006,5512,力麒,2026-10-05,2026-10-07 00:34:06,b15fd3768797f1907855974bf23c2ceb
,1151005,175001,,,"本公司有價證券於集中交易市場達公布注意交易資訊標準，故公告
相關訊息，以利投資人區別暸解",第53款,1151005,"1.事實發生日:115/10/05
2.發生緣由:依財團法人中華民國證券櫃檯買賣中心通知辦理。
3.財務業務資訊:
  單月                     115年8月    114年8月   與去年同期增減%
  營業收入(百萬元)            0.817      1.067         -23.43%
  稅前淨利(百萬元)          -122.217   -193.963        +36.99%
  歸屬母公司業主淨利(百萬元)  -81.647   -179.322        +54.47%
  稅後每股盈餘(元)            -0.62       -0.68         +8.99%

  單季                     115年第2季  114年第2季  與去年同期增減%
  營業收入(百萬元)            15.280      12.758        +19.77%
  稅前淨利(百萬元)           -266.638    -700.226       +61.92%
  歸屬母公司業主淨利(百萬元)  -197.550    -653.498       +69.77%
  稅後每股盈餘(元)            -1.50       -4.96         +69.76%

  最近四季累計         114年第3季至115年第2季
  營業收入(百萬元)              52.203
  稅前淨利(百萬元)            -1777.871
  歸屬母公司業主淨利(百萬元)   -1525.822
  稅後每股盈餘(元)             -11.60
  公司每股面額:10元
4.有無「財團法人中華民國證券櫃檯買賣中心對有價證券上櫃公司
重大訊息之查證暨公開處理程序 」第4條所列重大訊息之情事（如
「有」，請說明）:無
5.有無「財團法人中華民國證券櫃檯買賣中心對有價證券上櫃公司
重大訊息之查證暨公開處理程序」第11條所列重大訊息說明記者會
之情事:無
6.其他應敘明事項:
  (1)以上115年8月及去年同期比較數之財務資料係本公司採IFRS會計準則編製之合併數
     ，未經會計師查核(閱)，僅供投資人參考。
  (2)最近一季115年第2季係指單季數字，非為最近財務報告中之累計數字，且係本公司
     採IFRS下編製之合併數，業經會計師查核(閱)，僅供投資人參考。
  (3)最近四季累計係本公司114年第3季至115年第2季採IFRS編製之合併數，業經會計師
     查核(閱)，僅供投資人參考。",上櫃,1151006,4174,浩鼎,2026-10-05,2026-10-07 00:34:06,426f8284fbfa9be957f7e1447b0a631b
,1151005,175935,,,"代重要子公司Chainwin Biotech and Agrotech
(Cayman Islands) Co. Ltd.公告董事長訂定增資基準
日",第11款,1151005,"1.董事會決議或公司決定日期:115/10/05
2.發行股數:15,034,127股
3.每股面額:美金1元
4.發行總金額:美金15,034,127元
5.發行價格:美金1元
6.員工認股股數:不適用
7.原股東認購比率:0.23%
8.公開銷售方式及股數:不適用
9.畸零股及逾期未認購股份之處理方式:不適用
10.本次發行新股之權利義務:新股之權利義務與原已發行之股份相同
11.本次增資資金用途:充實營運資金暨增資子公司
12.現金增資認股基準日:115/10/31
13.最後過戶日:不適用
14.停止過戶起始日期:不適用
15.停止過戶截止日期:不適用
16.股款繳納期間:不適用
17.與代收及專戶存儲價款行庫訂約日期:不適用
18.委託代收款項機構:不適用
19.委託存儲款項機構:不適用
20.其他應敘明事項:本次增資之資金來源係由Chainwin Biotech and Agrotech
(Cayman Islands) Co.,Ltd.洽其他股東與特定人所募得，待募資完成後本公
司對Chainwin Biotech and Agrotech (Cayman Islands) Co.,Ltd.之持股比
率降低至65.09%。",上櫃,1151006,3105,穩懋,2026-10-05,2026-10-07 00:34:06,0d521c60e4ac1d81bc7ffc01262cfbc5
,1151005,183116,,,"補公告-代子公司宏井股份有限公司公告
董事會推選董事長",第6款,1150610,"1.董事會決議日期或發生變動日期:115/06/10
2.人員別（請輸入董事長或總經理）:董事長
3.舊任者姓名:陳冠瑋
4.舊任者簡歷:宏井股份有限公司公司董事長
5.新任者姓名:陳冠瑋
6.新任者簡歷:宏井股份有限公司公司董事長
7.異動情形（請輸入「辭職」、「解任」、「任期屆滿」、「職務調整」、「資遣」、
「退休」、「逝世」或「新任」）:任期屆滿
8.異動原因:任期屆滿
9.新任生效日期:115/06/10
10.其他應敘明事項(若事件發生或決議之主體係屬公開發行以上公司，
本則重大訊息同時符合證券交易法施行細則第7條第6款所定
對股東權益或證券價格有重大影響之事項):無",上櫃,1151006,4530,天意能創,2026-10-05,2026-10-07 00:34:06,0e85a3814cc0c1c54efe2007bfa77220
,1151005,183707,,,"更正本公司115年08月20日董事會決議私募普通股定價
及相關事宜",第53款,1150820,"1.事實發生日:115/08/20
2.公司名稱:海灣國際開發股份有限公司
3.與公司關係(請輸入本公司或子公司):本公司
4.相互持股比例:不適用
5.發生緣由:
 本公司前於115年08月20日公告之私募普通股每股定價為新台幣13.22元，因公司內部
 人員於計算參考價格時計算誤植，致使前次實際私募定價低於正確參考價格之八成。
 原公告內容：
 私募參考價格：每股新台幣16.518元。
 實際私募價格：每股新台幣13.22 元(參考價格之80.03%)。
 更正後內容：
 私募參考價格：每股新台幣16.537元。
 實際私募價格：每股新台幣13.22 元(參考價格之79.94%)。
6.因應措施:特此發布重大訊息予以更正，並將擇日另行召開董事會重新定價之。
7.其他應敘明事項(若事件發生或決議之主體係屬公開發行以上公司，
本則重大訊息同時符合證券交易法施行細則第7條第9款所定
對股東權益或證券價格有重大影響之事項):
 本次計算錯誤對本公司之財務、業務尚無重大影響，特此向投資大眾致歉。",上櫃,1151006,3252,海灣,2026-10-05,2026-10-07 00:34:06,824e782d6b01136b825bcecdccbd869d
,1151005,235837,,,公告本公司董事會決議委任第五屆薪資報酬委員會委員,第6款,1150812,"1.發生變動日期:115/08/12
2.功能性委員會名稱:薪資報酬委員會
3.舊任者姓名:
(1)蔡文賢（本公司獨立董事）
(2)謝聖言（本公司獨立董事）
(3)郭昭宏（本公司獨立董事）
(4)李易騰（本公司獨立董事）
4.舊任者簡歷:
(1)蔡文賢（本公司第四屆薪資報酬委員會委員）
(2)謝聖言（本公司第四屆薪資報酬委員會委員）
(3)郭昭宏（本公司第四屆薪資報酬委員會委員）
(4)李易騰（本公司第四屆薪資報酬委員會委員）
5.新任者姓名:
(1)蔡文賢
(2)謝聖言
(3)郭昭宏
(4)李易騰
6.新任者簡歷:
(1)蔡文賢：安泰商業銀行副董事長
(2)謝聖言：本公司獨立董事
(3)郭昭宏：臺灣網路認證股份有限公司董事長
(4)李易騰：康太數位整合股份有限公司董事長
7.異動情形（請輸入「辭職」、「解任」、「任期屆滿」、「逝世」或「新任」）:新任
8.異動原因:本公司董事會於115/08/12決議委任第五屆薪資報酬委員會委員。
9.原任期（例xx/xx/xx ~ xx/xx/xx）:第四屆薪資報酬委員會任期已於115/06/11屆滿。
10.新任生效日期:115/08/12
11.其他應敘明事項:
(1)本公司於115/06/12股東常會完成董事全面改選。
(2)第五屆薪資報酬委員會委員經115/08/12董事會決議委任，
其任期自115/08/12起至第八屆董事會任期屆滿日118/06/11止。",上櫃,1151006,2640,大車隊,2026-10-05,2026-10-07 00:34:06,09c855c08c34a0c0900b2005a7222c8f
