出表日期,發言日期,發言時間,公司代號,公司名稱,主旨,符合條款,事實發生日,說明,市場別,Date,SecuritiesCompanyCode,CompanyName,發言日期(西元),抓取時間
,1151002,180713,,,公告本公司財務長暨財務主管任命案,第8款,1151002,"1.人員變動別（請輸入發言人、代理發言人、重要營運主管
(如:執行長、營運長、行銷長及策略長等)、財務主管、會計
主管、公司治理主管、資訊安全長、研發主管、內部稽核主管或訴訟及非
訟代理人）:財務長暨財務主管
2.發生變動日期:115/10/02
3.舊任者姓名、級職及簡歷:不適用
4.新任者姓名、級職及簡歷:高國霖 浩鼎生技營運長
5.異動情形（請輸入「辭職」、「職務調整」、「資遣」、
「退休」、「死亡」、「新任」或「解任」）:新任
6.異動原因:新任
7.生效日期:115/10/02
8.其他應敘明事項:經本公司115年10月02日董事會決議通過",上櫃,1151003,6461,益得,2026-10-02,2026-10-03 14:31:29
,1151002,180012,,,"代子公司友杏生技醫藥(股)公司公告
本公司總經理異動",第8款,1151002,"1.人員變動別（請輸入發言人、代理發言人、重要營運主管
(如:執行長、營運長、行銷長及策略長等)、財務主管、會計
主管、公司治理主管、資訊安全長、研發主管、內部稽核主管或訴訟及非
訟代理人）:總經理
2.發生變動日期:115/10/02
3.舊任者姓名、級職及簡歷:洪維駿 總經理
4.新任者姓名、級職及簡歷:吳健民 總經理
5.異動情形（請輸入「辭職」、「職務調整」、「資遣」、
「退休」、「死亡」、「新任」或「解任」）:辭職
6.異動原因:辭職
7.生效日期:115/10/02
8.其他應敘明事項:無",上櫃,1151003,4120,友華,2026-10-02,2026-10-03 14:31:29
1151003,1151002,173558,1218,泰山,公告本公司總經理職務代理人異動,第8款,1151002,"1.人員變動別（請輸入發言人、代理發言人、重要營運主管(如:執行長、營運長、
行銷長及策略長等)、財務主管、會計主管、公司治理主管、資訊安全長、研發主管、
內部稽核主管或訴訟及非訟代理人）:總經理代理人
2.發生變動日期:115/10/02
3.舊任者姓名、級職及簡歷:游敏賢(總經理代理人)
4.新任者姓名、級職及簡歷:不適用
5.異動情形（請輸入「辭職」、「職務調整」、「資遣」、「退休」、「死亡」、「新
任」或「解任」）:辭職
6.異動原因:因個人職涯規劃辭職
7.生效日期:115/10/05
8.其他應敘明事項:新任總經理職務代理人待本公司董事會通過委任案後另行公告。",上市,,,,2026-10-02,2026-10-03 14:31:29
1151003,1151002,161826,6215,和椿,公告本公司發言人異動,第8款,1151002,"1.人員變動別（請輸入發言人、代理發言人、重要營運主管(如:執行長、營運長、
行銷長及策略長等)、財務主管、會計主管、公司治理主管、資訊安全長、研發主管、
內部稽核主管或訴訟及非訟代理人）:發言人
2.發生變動日期:115/10/02
3.舊任者姓名、級職及簡歷:何頎胤(和椿科技股份有限公司副總經理)
4.新任者姓名、級職及簡歷:朱鋑隆(和椿科技股份有限公司總經理)
5.異動情形（請輸入「辭職」、「職務調整」、「資遣」、「退休」、「死亡」、「新
任」或「解任」）:辭職
6.異動原因:辭職
7.生效日期:115/10/02
8.其他應敘明事項:無。",上市,,,,2026-10-02,2026-10-03 14:31:29
1151003,1151002,145259,2889,國票金,代子公司樂天國際商業銀行公告發言人異動,第8款,1151002,"1.人員變動別（請輸入發言人、代理發言人、重要營運主管(如:執行長、營運長、
行銷長及策略長等)、財務主管、會計主管、公司治理主管、資訊安全長、研發主管、
內部稽核主管或訴訟及非訟代理人）:發言人
2.發生變動日期:115/10/02
3.舊任者姓名、級職及簡歷:無
4.新任者姓名、級職及簡歷:小泉大祐、樂天國際商業銀行財務暨企業服務處處長
5.異動情形（請輸入「辭職」、「職務調整」、「資遣」、「退休」、「死亡」、「新
任」或「解任」）:新任
6.異動原因:新任
7.生效日期:115/10/02
8.其他應敘明事項:無",上市,,,,2026-10-02,2026-10-03 14:31:29
,1151002,143936,,,公告本公司執行長異動,第8款,1151002,"1.人員變動別（請輸入發言人、代理發言人、重要營運主管
(如:執行長、營運長、行銷長及策略長等)、財務主管、會計
主管、公司治理主管、資訊安全長、研發主管、內部稽核主管或訴訟及非
訟代理人）:執行長
2.發生變動日期:115/10/02
3.舊任者姓名、級職及簡歷:呂品學/本公司執行長
4.新任者姓名、級職及簡歷:無
5.異動情形（請輸入「辭職」、「職務調整」、「資遣」、
「退休」、「死亡」、「新任」或「解任」）:職務調整
6.異動原因:因接任董事長。
7.生效日期:115/10/02
8.其他應敘明事項:無。",上櫃,1151003,3284,太普高,2026-10-02,2026-10-03 14:31:29
,1151002,143643,,,公告本公司財務主管、會計主管及公司治理主管異動,第8款,1151002,"1.人員變動別（請輸入發言人、代理發言人、重要營運主管
(如:執行長、營運長、行銷長及策略長等)、財務主管、會計
主管、公司治理主管、資訊安全長、研發主管、內部稽核主管或訴訟及非
訟代理人）:財務主管、會計主管及公司治理主管
2.發生變動日期:115/10/02
3.舊任者姓名、級職及簡歷:
莊若晨 / 台灣浩鼎生技股份有限公司財務部經理
4.新任者姓名、級職及簡歷:
曹菁華 / 健喬信元醫藥生技股份有限公司會計處處長
5.異動情形（請輸入「辭職」、「職務調整」、「資遣」、
「退休」、「死亡」、「新任」或「解任」）:辭職
6.異動原因:個人生涯規劃
7.生效日期:115/10/02
8.其他應敘明事項:本公司董事會今日決議由曹菁華處長擔任財務主管、會計主管及公司
治理主管。莊若晨經理辭職生效日期定於115年10月4日。",上櫃,1151003,4174,浩鼎,2026-10-02,2026-10-03 14:31:29
